-0.040326,3.8106e-05,0.029306,-0.040381,-0.002108,0.00821,0.004139,0.0059168,-0.018288,-0.063833
-0.039934,-0.013901,-0.030566,-0.029379,0.059523,0.033484,-0.014487,-0.039753,-0.016801,-0.033613
-0.039729,0.0093529,-0.036797,-0.04149,0.014757,0.01098,-0.02796,-0.032502,0.0529,0.010992
-0.039157,-0.033186,0.01734,0.031686,0.026944,0.044573,0.015111,-0.076727,-0.051898,0.038424
-0.039467,0.014412,-0.0048633,0.016369,0.025248,-0.022638,0.024759,0.0083541,-0.0094145,-0.014176
-0.040397,-0.0031717,-0.0060629,0.0046165,0.0009643,-0.015581,0.032267,-0.003704,0.0043011,-0.018115
-0.040605,0.015304,0.0068439,0.037635,0.027511,0.063661,0.019316,-0.010772,-0.0043698,-0.02489
-0.03985,-0.01763,-0.024426,0.029828,-0.038619,0.0070963,-0.000978,-0.027872,0.0047729,-0.04519
-0.039794,0.012273,-0.022926,0.023358,0.04331,0.019522,0.038325,-0.0081642,0.0082603,-0.0012565
-0.040032,-0.015536,-0.0017766,-0.0071461,0.042434,0.027485,-0.0029075,-0.012741,0.0090957,-0.013023
-0.040189,-0.016882,-0.0069606,-0.0052958,0.019444,0.010062,0.015013,0.011957,0.033722,-0.019505
-0.03882,0.011771,0.0054886,0.046652,0.0077675,0.026026,0.045957,-0.034608,0.0051175,-0.0071495
-0.039309,0.0075664,-0.034954,-0.0024797,-0.026991,0.0080673,0.029866,-0.016361,0.023477,0.005429
-0.037763,-0.044797,0.07711,-0.010795,-0.00067018,-0.059181,-0.010694,0.054554,0.0081663,0.026791
-0.036797,0.046719,-0.027939,-0.0027984,0.05492,-0.0855,0.031179,0.00065007,-0.051784,-0.0012824
-0.039033,0.011111,-0.0090683,0.043043,-0.075684,-0.0097065,-0.020757,0.0031892,-0.055355,0.034425
-0.03921,-0.028525,-0.0051882,0.053114,0.015113,0.036044,0.0032441,-0.0502,0.015021,0.015776
-0.037674,-0.061496,0.082315,0.0086417,0.009223,-0.045386,0.010424,0.0012368,0.054686,0.045352
-0.038441,-0.024092,-0.04821,-0.046641,-0.011694,-0.00021154,-0.023549,-0.024256,0.030648,-0.056707
-0.038889,-0.017673,0.066427,0.044245,-0.021916,-0.005469,-0.051596,-0.028305,-0.052337,-0.044437
-0.038921,-0.056944,0.025471,0.0084386,-0.025994,-0.045591,-0.010376,0.024301,0.027792,-0.04482
-0.03836,-0.042996,-0.039629,0.029919,0.014429,-0.025851,-0.055887,-0.067506,0.0034982,0.046856
-0.040098,-0.0072647,0.011547,0.036482,0.045231,0.035694,0.01696,-0.030024,-0.046414,0.0048864
-0.0392,-0.021295,0.031005,-0.065672,0.023713,0.047354,0.04425,0.052626,-0.027696,0.065018
-0.038882,-0.038487,0.0092946,-0.05138,0.027618,0.032645,0.055006,0.019001,-0.08711,0.0052714
-0.038586,-0.012488,0.052967,0.02546,-0.011173,-0.024652,-0.036375,-0.037102,-0.055592,0.010856
-0.038143,-0.048454,-0.060313,-0.050967,-0.017878,0.00084499,0.020461,0.038934,-0.007687,-0.066251
-0.038394,-0.0098245,-0.079064,-0.017955,0.010396,-0.00037395,0.02358,0.038419,0.088375,-0.034916
-0.038587,-0.0011792,-0.09247,-0.0022655,-0.017899,0.033575,-0.046655,0.0076523,0.059357,-0.0016261
-0.038509,0.028711,0.050637,0.014572,0.029398,-0.045284,-0.0074911,0.088289,-0.041825,-0.033549
-0.038473,0.04163,-0.048798,-0.037703,0.039101,-0.063588,0.014694,0.014237,0.0139,0.023037
-0.038632,-0.060724,0.023578,0.021698,0.0027381,-0.041661,0.011275,-0.023751,0.041082,-0.041383
-0.038994,0.040076,0.005572,0.012907,-0.070317,-0.0080521,-0.020288,-0.063699,-0.043979,-0.040753
-0.038732,-0.046372,0.049946,0.016112,-0.016653,0.016608,-0.014023,0.012873,0.074388,0.0033756
-0.03894,0.009163,-0.04064,0.076954,0.012419,0.017295,-0.003993,-0.012297,0.020746,-0.0092708
-0.038803,0.061257,0.032766,-0.0027173,0.00056904,-0.034247,-0.00068786,-0.06322,0.01723,0.030524
-0.038438,0.057256,0.047527,0.0085882,0.0177,-0.019273,0.0032726,-0.021699,0.004165,0.0051822
-0.037941,0.045338,-0.049745,-0.017508,0.017785,-0.073093,0.019462,0.0076012,0.033843,-0.039168
-0.039227,0.047576,-0.022323,0.0012181,0.045371,-0.024471,0.020042,0.032882,0.026811,0.031555
-0.039383,0.02785,-0.017638,0.012549,0.039267,0.00022209,0.025196,-0.009752,0.019783,-0.00028066
-0.04007,-0.028652,0.026698,-0.0018343,0.035847,0.0055079,0.0088596,-0.060939,-0.019184,0.0040563
-0.038603,0.023367,0.01132,-0.0041772,0.05465,-0.0065352,0.033365,-0.014181,0.0029347,-0.0076378
-0.040091,-0.0051218,0.0053332,0.016074,0.010357,0.06321,0.036018,-0.030663,-0.037906,0.0060755
-0.03761,0.048732,0.046144,0.066068,-0.006657,-0.055122,-0.018811,-0.021631,-0.031917,0.022775
-0.039313,0.0018225,0.049421,0.031387,0.0041507,-0.071599,0.053422,0.021182,-0.055932,-0.02103
-0.039371,-0.0055878,-0.019427,0.06627,0.019591,0.061187,0.012289,-0.0068831,-0.035461,-0.02375
-0.039805,0.0021675,-0.04354,0.045848,-0.040107,-0.00024256,0.0024715,-0.014411,0.053612,-0.017164
-0.038561,-0.054708,-0.0063663,0.0059731,0.0082445,0.0051379,-0.030609,-0.047667,-0.034633,0.030693
-0.040004,0.0052685,-0.0026109,-0.04297,0.038702,0.014629,-0.034341,-0.029873,0.025293,0.0080028
-0.040085,0.024034,0.027753,-0.025869,-0.011621,0.012597,-0.00031776,0.035895,0.0032459,0.010932
-0.039847,0.052861,0.036301,-0.012986,0.010743,-0.014663,0.010641,-0.004138,0.0047639,-0.0023144
-0.036868,-0.063386,0.023367,0.033644,0.048622,-0.036868,-0.027187,0.089265,0.024398,-0.021321
-0.039383,-0.031819,0.050632,-0.012641,-0.005739,0.0051338,0.01712,0.064928,0.015817,-0.013289
-0.038088,-0.073443,-0.035964,-0.0021337,0.00086013,-0.068088,0.016026,-0.025581,0.038971,0.040213
-0.039297,-0.015541,0.029233,-0.038686,-0.025955,0.0071043,-0.014299,0.053192,-0.0031086,0.026844
-0.037932,0.032154,-0.058915,0.023321,0.0075416,0.0028822,0.027601,-0.010741,0.028335,-0.030211
-0.037368,-0.067253,0.05955,0.032958,0.040498,-0.052145,-0.011526,-0.027365,0.044651,0.0013627
-0.03669,-0.077653,-0.048916,0.0060057,0.0030491,-0.055217,0.041482,0.015374,0.0073409,-0.042438
-0.038379,0.042977,0.0021709,0.017575,0.029864,0.017102,0.081473,0.0021863,0.030638,0.037062
-0.039852,0.012851,-0.026411,0.00015258,0.037386,0.0045416,0.043547,0.013305,0.00065867,0.026775
-0.037432,-0.060216,0.0026355,0.046354,0.01858,-0.00047885,-0.0058723,-0.016482,0.13175,0.030857
-0.037268,0.055234,-0.053303,-0.028953,0.027244,-0.082095,0.0050382,0.020505,0.023839,-0.054951
-0.038514,-0.037186,0.03894,0.071874,-0.057717,0.023297,-0.01101,0.004066,0.026436,0.024254
-0.038218,-0.021044,0.026773,0.068007,0.0008403,0.031712,-0.012896,0.0023109,-0.030223,-0.0056873
-0.037767,-0.033585,0.0065744,0.067723,-0.044888,0.048767,0.02373,-0.023108,0.10997,-0.019329
-0.03916,-0.027612,0.031372,0.071463,-0.028084,0.036745,-0.01617,0.026248,-0.038104,-0.043479
-0.038701,-0.042177,-0.052054,-0.040753,0.051774,0.023954,-0.01247,-0.024691,-0.052024,0.015151
-0.039749,0.020815,0.0015564,0.052909,-0.06306,0.02349,-0.026467,-0.0067097,-0.030149,-0.039029
-0.039517,0.035306,0.02259,0.0022205,-0.0091117,0.010443,-0.035319,-0.040175,0.0111,-0.0015603
-0.039659,0.044704,0.010204,-0.051707,0.0032241,-0.0038698,0.0013708,-0.018662,0.034536,0.041482
-0.040231,-0.0082968,0.021294,0.027475,-0.0085922,0.026416,-0.0097809,-0.02508,-0.06032,-0.0035035
-0.037752,0.01515,-0.01908,0.060213,-0.052406,0.0672,-0.030404,0.015099,-0.045043,-0.095307
-0.034577,-0.043003,0.093717,0.021603,0.020247,-0.07916,-0.066688,-0.03246,-0.061919,0.0030298
-0.035727,0.031149,-0.078055,-0.039913,-0.062192,-0.020266,-0.0021919,-0.014891,-0.050926,-0.0048146
-0.036881,-0.0574,-0.043251,0.055399,0.012935,-0.0405,-0.020453,-0.027379,0.031963,0.001592
-0.038928,-0.0053497,-0.012759,-0.090238,0.052167,0.065313,0.0096374,-0.022483,-0.0065915,-0.029644
-0.038843,0.02445,-0.063276,0.04169,0.044668,0.029383,0.03766,0.0092083,0.034872,0.025981
-0.036986,-0.013047,0.019436,0.10245,-0.0068017,0.030514,-0.036247,0.0084461,-0.13983,-0.017625
-0.037803,0.039556,0.082933,-0.018896,-0.021518,-0.027966,-0.036942,0.0012027,0.056742,0.023704
-0.037377,-0.058298,0.003312,-0.052493,-0.039813,-0.020223,0.030345,0.11642,0.039519,-0.0044492
-0.036635,-0.047535,-0.027091,-0.064883,-0.019684,-0.013162,0.0092575,0.014765,0.024478,0.052977
-0.038168,0.029749,-0.057827,0.008161,0.05393,-0.033229,-0.050837,0.03337,0.082349,0.04063
-0.037952,-0.034042,-0.075547,-0.024649,0.041057,0.026275,-0.10623,-0.028689,-0.018084,-0.00079814
-0.036039,-0.056969,0.0559,0.093866,-0.0027936,0.019754,-0.067911,0.046797,0.074249,0.0004899
-0.037823,0.025196,0.042608,-0.060213,0.073331,0.087045,0.051828,0.014655,0.065953,-0.00026961
-0.037629,0.053797,-0.043017,-0.0030768,-0.018489,-0.078177,0.010841,-0.038298,-0.035903,-0.06055
-0.039255,0.011302,-0.027462,0.036308,-0.037916,-0.015612,0.022665,0.063174,-0.026544,-0.047535
-0.03766,0.049011,-0.078474,0.043436,0.0025781,-0.0069406,-0.066036,0.11357,-0.0055319,0.039181
-0.03802,-0.035042,0.046691,0.062917,0.019828,0.029522,-0.049369,-0.0099313,-0.039073,-0.029641
-0.038042,0.028487,-0.051498,0.039825,0.082153,0.065194,0.0022109,0.028548,0.036047,-0.0085783
-0.039469,0.011173,0.0038754,0.051972,0.051002,0.073301,0.010323,0.087277,-0.003899,0.08564
-0.038532,-0.022397,0.03023,-0.032531,-0.042535,-0.006581,-0.0011938,0.038549,0.027749,-0.048495
-0.035647,-0.054885,0.064059,0.069499,0.036365,0.045203,-0.062943,-0.052486,-0.033524,-0.024031
-0.037328,0.035053,-0.08046,0.054844,-0.033072,0.024945,-0.011973,0.021964,-0.050739,-0.036579
-0.037449,-0.027007,-0.02938,-0.056884,-0.064523,0.013045,-0.016351,0.013126,0.010836,0.07048
-0.038578,0.0054905,0.00051693,0.071725,0.061808,0.053626,0.01658,0.0096891,-0.035224,0.018261
-0.039005,-0.018236,0.020072,0.020113,0.035349,0.037692,0.030002,0.042259,-0.055212,0.036533
-0.036852,0.044307,0.0074057,-0.052392,-0.084186,0.017551,-0.043742,-0.021634,0.0087683,0.054778
-0.038316,0.030918,-0.013863,0.044413,-0.017508,0.018627,-0.15205,0.12244,-0.034245,0.012912
-0.037236,0.026842,-0.059993,-0.0022951,0.064118,0.016849,-0.030255,0.075735,0.042998,0.044838
-0.036438,0.051113,-0.038259,0.066815,-0.010522,0.064119,0.028879,0.049963,-0.041807,-0.0071315
-0.038584,-0.040472,-0.02231,-0.036101,0.05417,0.010498,-0.063107,0.0043027,-0.052713,0.0055942
-0.037914,-0.045555,0.016217,0.044146,-0.039569,-0.019884,0.022404,-0.015627,0.076309,-0.054688
-0.038629,-0.034428,-0.002105,0.021293,-0.050605,-0.01948,-0.010513,0.047622,0.03289,-0.060856
-0.039602,0.03471,-0.018096,-0.0066716,-0.033822,0.00025261,-0.041125,0.011412,-0.032919,-0.067515
-0.038314,0.042647,-0.04708,0.0081969,0.049215,-0.02241,0.032088,0.032216,0.037994,-0.014783
-0.038164,0.044195,-0.037141,0.0045451,-0.06444,-0.015681,-0.02049,-0.029235,-0.085405,-0.035738
-0.038503,0.024637,0.042263,-0.045009,-0.01868,0.023971,-0.032145,0.038108,0.011101,-0.041351
-0.035809,0.066304,0.057712,-0.0023608,-0.068234,-0.0062551,-0.05844,-0.055221,0.017317,0.069141
-0.037695,-0.027598,0.015413,0.053496,0.069884,0.058291,-0.01328,0.0067653,-0.041424,0.030611
-0.038289,-0.01285,-0.070191,-0.013427,0.014215,-0.019829,-0.069582,-0.032785,0.050337,-0.025707
-0.036501,-0.072159,0.014942,-0.065988,-0.0051729,-0.013652,0.040568,0.092017,-0.079392,0.024135
-0.037213,-0.027672,0.032447,-0.040263,-0.033423,-0.0087357,0.0024364,0.060323,0.068447,-0.028925
-0.03653,0.022298,0.029063,-0.0099357,-0.064895,-0.0099372,-0.028916,-0.030332,0.065016,0.062108
-0.038737,0.030244,-0.045276,0.037836,-0.050597,0.0080213,0.046203,-0.00063054,-0.050753,-0.023986
-0.037326,0.062651,-0.01639,-0.036148,-0.044209,0.023903,-0.070426,-0.059593,0.0022873,-0.029632
-0.036515,0.04073,-0.069587,0.004755,0.079227,-0.0075572,-0.028601,0.041761,0.058487,-0.0018646
-0.037377,0.057436,0.069707,-0.0022332,0.076814,-0.026914,0.014694,0.072586,-0.024327,-0.028782
-0.037959,0.040594,0.058408,-0.055184,0.030115,0.07059,-0.0073516,0.0081129,0.047057,-0.062857
-0.038316,0.035786,-0.056092,0.0041669,0.059702,0.0088103,-0.012309,0.048484,0.015427,0.029135
-0.037952,-0.034042,-0.075547,-0.024649,0.041057,0.026275,-0.10623,-0.028689,-0.018084,-0.00079814
-0.036039,-0.056969,0.0559,0.093866,-0.0027936,0.019754,-0.067911,0.046797,0.074249,0.0004899
-0.037823,0.025196,0.042608,-0.060213,0.073331,0.087045,0.051828,0.014655,0.065953,-0.00026961
-0.036229,0.0012974,0.01753,0.010675,-0.004121,0.050294,-0.16484,0.13728,0.042625,0.032301
-0.037973,0.027112,-0.050399,0.032214,0.051897,0.019441,-0.021973,0.013244,0.029325,-0.012891
-0.036781,-0.042537,-0.020898,0.061967,0.056759,0.082264,-0.013032,-0.010809,0.016793,0.046056
-0.03826,0.0076036,-0.050738,0.063125,0.0063787,0.027809,0.019397,-0.018956,0.047477,0.040547
-0.036589,-0.051445,0.072604,0.038146,0.015717,0.022121,-0.052042,0.023045,-0.053958,0.026675
-0.036932,-0.061197,-0.061267,-0.022641,0.038176,-0.0021604,-0.082554,-0.036983,0.00022358,0.054047
-0.038543,0.00082872,-0.031241,-0.050741,-0.080757,0.0078252,-0.015851,0.04285,-0.003375,-0.05162
-0.038707,0.043044,0.045596,0.0069538,0.017591,0.040354,0.066093,0.00019558,0.027177,-0.046625
-0.036845,0.052774,-0.084976,0.0012327,-0.068176,-0.033719,0.0038786,0.050428,-0.052738,0.022252
-0.038498,-0.068078,-0.050433,-0.022053,0.029362,-0.042019,-0.023123,-0.031524,-0.0029203,-0.0061372
-0.037457,-0.033002,-0.056568,-0.093844,0.042838,0.065915,-0.02778,-0.025241,-0.012442,0.03643
-0.039166,0.010647,0.01171,-0.046108,0.071508,0.041827,-0.01051,0.0027504,0.0029217,-0.038221
-0.038344,-0.020165,0.027706,-0.020571,-0.064177,0.026039,0.0010159,0.00098138,0.025833,0.061087
-0.038042,0.028487,-0.051498,0.039825,0.082153,0.065194,0.0022109,0.028548,0.036047,-0.0085783
-0.039469,0.011173,0.0038754,0.051972,0.051002,0.073301,0.010323,0.087277,-0.003899,0.08564
-0.038532,-0.022397,0.03023,-0.032531,-0.042535,-0.006581,-0.0011938,0.038549,0.027749,-0.048495
-0.036508,-0.068971,0.020361,-0.046273,0.01137,-0.029592,0.017227,0.12194,-0.029333,0.010759
-0.038737,0.030244,-0.045276,0.037836,-0.050597,0.0080213,0.046203,-0.00063054,-0.050753,-0.023986
-0.037326,0.062651,-0.01639,-0.036148,-0.044209,0.023903,-0.070426,-0.059593,0.0022873,-0.029632
-0.035532,0.082888,0.041943,-0.020035,0.03841,0.032322,-0.039127,-0.011999,0.055383,-0.042109
-0.037282,-0.052124,0.047914,0.09045,0.016463,0.024364,-0.016815,-0.015156,0.0018748,0.004274
-0.037147,0.026139,-0.011353,-0.060234,0.069483,0.049863,-0.0068692,-0.036591,0.021571,-0.042692
-0.039363,-0.017315,0.00065365,-0.029044,-0.029429,0.0081953,-0.004171,0.0073976,0.0049394,0.0033626
-0.038962,-0.0028662,-0.0051502,-0.03586,-0.037614,0.01948,-0.013812,-0.008215,0.010087,-0.091311
-0.038026,-0.0034462,-0.031449,-0.094898,0.040898,0.047224,-0.01565,0.020213,0.016224,-0.049095
-0.039279,-0.026297,-0.03604,0.025091,0.015665,-0.036375,-0.038742,-0.016507,-0.0061301,-0.0061701
-0.038643,0.02686,0.044447,-0.065089,0.0063422,0.021749,-0.0083314,0.0026842,0.041309,-0.026166
-0.036671,0.065409,0.027403,-0.02855,0.053094,0.01413,-0.070184,-0.0027252,0.036164,0.0084158
-0.03688,-0.024309,0.010616,-0.026656,-0.05264,0.005647,-0.037322,0.005566,0.075794,0.067034
-0.036651,-0.017321,0.011264,-0.013988,-0.022847,-0.035298,-0.058187,-0.026528,0.061138,0.045052
-0.037477,-0.030029,-0.058009,0.015899,0.047925,-0.025255,-0.11531,-0.0088229,0.013774,0.041486
-0.039355,0.019993,-0.0075372,-0.024728,-0.075978,-0.019452,-0.0050172,0.040032,-0.018329,-0.027659
-0.037703,-0.05433,-0.023583,-0.034881,-0.07113,-0.021708,0.043522,0.054542,0.03495,-0.096946
-0.039356,0.019985,0.014384,-0.057457,-0.0098386,0.050573,-0.026713,0.0083678,0.011024,-0.00255
-0.039088,0.020368,-0.044613,0.004143,0.072044,0.031853,-0.02918,0.036763,0.055331,0.051751
-0.037766,-0.046568,-0.05384,0.00917,-0.014638,-0.052424,-0.049546,-0.043543,0.014786,0.017205
-0.039619,0.00055451,-0.012461,0.037193,0.013062,0.067512,0.026963,-0.033279,0.017459,-0.0016389
-0.038261,0.01361,0.065451,-0.012803,0.066524,-0.0023669,-0.077281,0.10964,-0.0065511,0.00078737
-0.038901,-0.026192,0.0051243,0.045654,-0.022862,0.027988,-0.012173,0.033634,0.046067,-0.069914
-0.03908,-0.010395,-0.029485,0.087603,-0.055938,0.038119,0.022977,0.01439,0.0088646,-0.062409
-0.038143,0.040074,0.067166,0.03406,0.0019984,-0.045792,0.018291,0.011521,-0.0043681,0.063364
-0.038242,-0.04762,-0.020648,-0.013533,0.01675,0.032676,-0.013297,0.0036806,-0.052687,-0.028363
-0.039199,-0.025397,0.058425,0.049234,0.0061947,-0.025971,-0.0081233,-0.0086123,-0.093892,-0.033589
-0.039389,0.02559,-0.049183,0.062335,0.02398,0.045835,0.020672,0.045653,0.040635,0.013804
-0.035483,0.063518,-0.043371,-0.020891,0.064013,-0.091608,-0.012735,0.019042,-0.013815,0.0062502
-0.038392,0.013817,-0.056299,0.039036,-0.068787,0.052717,0.021481,0.02889,-0.017691,-0.030437
-0.037096,-0.00040043,0.029517,0.076169,-0.047541,0.011427,-0.014467,-0.02582,-0.10902,-0.024009
-0.037801,-0.013035,-0.030112,0.027867,-0.084229,0.0056131,0.028387,0.0091967,0.094208,0.02049
-0.035938,-0.074457,0.020346,0.035952,-0.042418,-0.017215,0.022972,0.043849,0.12662,-0.051379
-0.038341,-0.0043728,0.026357,0.035663,-0.075133,-0.041375,0.0075173,0.012518,0.0056923,0.0054959
-0.035196,-0.084052,0.088556,0.013103,0.01147,-0.050054,-0.036763,0.026729,-0.0014452,-0.012625
-0.034909,0.071706,-0.033934,0.016461,-0.011693,-0.094262,-0.015042,-0.037325,-0.12861,-0.00056541
-0.037422,-0.049258,-0.043467,-0.048333,0.029609,-0.017288,-0.022957,-0.039367,-0.070606,0.0057284
-0.038249,0.045948,0.078041,-0.054435,-0.012341,0.034131,-0.017398,0.0091656,0.041096,-0.040621
-0.039359,-0.0039291,-0.034741,-0.010087,0.0047492,0.053405,-0.022758,-0.02639,-0.057635,0.0017078
-0.035957,-0.069376,0.082696,-0.0036032,0.0078201,-0.087134,0.013769,0.026376,0.041277,-0.016358
-0.03395,0.03517,0.07378,0.043179,-0.090955,0.19947,-0.048745,0.072598,-0.022936,-0.065342
-0.034607,0.015842,-0.13526,-0.052117,0.0021095,0.12028,-0.04548,0.048385,-0.0058958,0.006842
-0.037015,0.058975,-0.039851,0.017329,-0.07374,-0.026523,0.025965,0.032297,-0.058902,0.064195
-0.039468,0.046447,-0.047614,0.058073,-0.007353,0.024803,0.021705,0.015112,-0.017048,0.073481
-0.036422,0.012887,-0.0020935,-0.086084,-0.089921,0.039557,-0.019425,-0.0012002,0.030938,0.098341
-0.036807,-0.054696,-0.08147,-0.021718,0.046949,-0.0022593,-0.11181,0.008766,-0.0096684,-0.012157
-0.038118,-0.027487,0.042845,0.035954,-0.027015,0.0096158,-0.06595,0.055685,-0.043993,0.0088124
-0.038108,-0.019495,-0.038012,0.040528,0.042606,0.055642,-0.0065721,-0.039395,0.020065,0.0013088
-0.038795,-0.0049414,-0.012482,0.069594,0.020418,0.047203,0.034831,-0.0033953,0.0082596,0.04108
-0.039529,0.012514,-0.018348,0.017158,0.082214,0.02134,-0.00077982,0.0088345,0.061727,-0.0056302
-0.037641,-0.021435,0.027204,0.041338,0.02531,-0.038228,-0.0037493,-0.02012,-0.005613,0.017755
-0.037219,0.074611,0.034499,0.023587,0.054679,-0.064692,-0.015394,-0.044696,0.025227,0.029158
-0.037143,0.056788,-0.05359,-0.0024992,0.048717,-0.042585,-0.066517,0.099339,0.025691,0.041215
-0.038882,0.016036,0.015976,0.041969,0.068368,0.029396,0.021335,0.048729,-0.040062,0.013192
-0.038807,-0.017413,-0.025086,0.063604,0.056297,0.070538,-0.010671,0.0042476,-0.016322,0.021737
-0.037543,-0.0141,-0.027867,0.080216,-0.091181,0.055036,0.02776,0.0016672,0.038418,0.022555
-0.038167,0.051343,0.021993,-0.020481,0.014891,0.018801,-0.037844,-0.046787,0.026857,-0.018806
-0.038436,0.017406,-0.0066843,0.012193,0.090409,0.064776,0.014707,-0.0052585,0.03388,0.040016
-0.038131,-0.028305,0.0047695,0.076691,0.032259,0.073815,-3.0853e-05,-0.0075542,-0.02132,0.041572
-0.038139,0.031703,-0.051509,0.044716,-0.061131,0.036106,-0.0088937,0.0093765,-0.061734,-0.0062731
-0.03671,0.06645,-0.021793,-0.020811,-0.016529,-0.010267,-0.064115,0.0056648,-0.04336,-0.063304
-0.036115,-0.062873,0.073827,0.038089,0.00085815,-0.025917,-0.00047507,-0.030062,0.081647,0.13602
-0.035441,0.05035,0.046962,0.058108,0.046177,-0.091477,-0.12376,0.11173,-0.011089,0.016334
-0.038085,0.0066724,0.069452,-0.040914,0.042044,0.025812,-0.010552,0.051962,0.050763,-0.0039966
-0.039404,-0.037942,-0.0061906,-0.024994,0.003337,0.029769,-0.00071784,-0.022616,-0.080098,-0.059552
-0.040035,0.011608,0.027748,-0.011707,0.0038494,0.014601,0.028887,0.0047992,-0.037901,-0.030702
-0.03983,-0.029639,0.015214,-0.028079,-0.035434,-0.00079769,0.022793,-0.0032304,-0.00367,0.014891
-0.038525,-0.053009,-0.057923,-0.0036566,0.018386,-0.042649,-0.0081215,-0.0098018,-0.024779,-0.01221
-0.04015,-0.00873,0.019828,-0.054354,-0.011954,0.031891,-0.019859,0.024111,-0.022093,-0.014376
-0.039517,-0.0073723,0.049441,-0.017591,0.019683,0.0052478,0.03385,0.047003,-0.033729,-0.034402
-0.040485,0.002397,0.038317,-0.017935,0.013401,-0.016279,-0.049357,0.021874,0.011228,-0.023381
-0.038783,0.022697,0.042586,-0.058115,0.016704,0.056006,0.0078483,0.0092923,0.01334,0.0023638
-0.040052,0.034776,-0.014185,0.010393,-0.018507,0.012982,-0.020051,-0.032815,-0.033695,-0.063421
-0.037704,0.057256,0.040375,0.028533,0.0068288,-0.06756,-0.019913,-0.059616,-0.027775,-0.050222
-0.039107,-0.029958,0.02177,-0.021309,-0.023452,-0.016398,0.0047357,0.0035215,0.022724,-0.04837
-0.03944,0.0022958,0.035113,-0.037343,0.011982,0.068837,0.013109,-0.012539,-0.03732,0.075289
-0.038965,0.0013915,0.0032018,0.079441,-0.027805,0.031793,0.018974,-0.0016514,-0.021551,-0.030803
-0.039231,0.048528,0.02481,-0.022692,0.019883,0.0038676,0.03656,-0.020804,0.046781,0.02856
-0.038897,0.0093723,0.025696,-0.067037,-0.027039,0.046619,0.021369,0.0022249,0.0096993,-0.003507
-0.038575,0.063155,-0.015,-0.028671,-0.006046,-0.0093816,-0.041509,-0.06143,0.0031366,0.028894
-0.039526,0.053858,0.032312,-0.017593,-0.016179,0.014515,-0.050265,0.0074621,0.015552,0.009477
-0.038741,0.059769,0.048287,-0.016589,0.022464,-0.019885,-0.03045,-0.018137,0.033039,0.013041
-0.03873,-0.058252,0.020657,0.037725,0.013917,0.017204,-0.0083398,-0.012209,0.062705,0.0042343
-0.038603,-0.065967,-0.014243,-0.054239,0.048435,0.0029572,0.0063757,0.0092174,-0.03938,-0.007725
-0.040444,-0.022052,-0.038056,-0.010325,-0.045895,0.006054,0.0182,0.024881,0.009392,-0.023978
-0.037949,-0.072031,-0.039697,0.0091356,0.027817,-0.073168,0.0014178,0.023096,0.016046,-0.039726
-0.038888,-0.022685,0.016162,0.03896,-0.055779,0.03931,0.021173,0.010394,0.055201,0.0010458
-0.037323,-0.065576,-0.041597,0.02088,0.02398,-0.027464,-0.047187,-0.038219,-0.036983,-0.003698
-0.038526,-0.046472,0.0095837,0.040813,-0.0067343,0.051292,-0.012512,-0.081072,0.017832,-0.013425
-0.039714,0.046251,0.027619,-0.031632,0.0072765,0.013341,-0.0044111,-0.037711,0.024088,-0.011401
-0.039555,-0.008805,-0.021967,-0.076573,-0.048568,0.014286,-0.00044415,-0.028311,-0.0033084,0.062411
-0.039208,-0.051042,-0.012084,-0.029606,-0.050603,-0.026906,0.04527,0.019754,0.0012066,0.0094856
-0.038986,0.014399,-0.013237,-0.031676,0.03648,0.024117,0.038144,0.0041265,0.034406,0.092129
-0.039764,0.0006979,0.052799,-0.043903,-0.026008,0.0034771,0.075611,0.00097856,0.0087345,0.03881
-0.040114,-0.013008,0.0014927,-0.034963,0.0034809,0.018118,0.018009,-0.02045,-0.0079683,0.041485
-0.039728,-0.038794,-0.009513,-0.050272,-0.029111,-0.0090581,0.027078,0.0021669,-0.027026,-0.053239
-0.038171,-0.0098259,-0.0046413,-0.089635,0.015997,0.037607,0.019147,-0.04276,-0.0042774,-0.024949
-0.040688,-0.015334,-0.025052,-0.0419,0.012531,0.032045,0.021037,-0.060705,0.0024803,-0.013321
-0.038894,-0.029038,-0.0023402,-0.034004,0.02072,0.013496,0.017347,0.015637,-0.027618,-0.0016853
-0.037467,0.04732,0.0040862,0.0010647,0.080499,0.027878,-0.12704,0.13239,0.047616,-0.015136
-0.039647,-0.01383,-0.022524,-0.038323,-0.044523,-0.0087295,0.0042588,0.013615,0.0091899,0.023809
-0.039443,0.0056427,0.04679,-0.068521,-0.0016246,0.022827,0.035784,0.0083874,0.0062889,-0.040256
-0.038052,0.060518,0.020545,-0.030701,0.02721,0.0077108,-0.063252,-0.063673,0.03156,-0.028041
-0.039704,0.005916,-0.011075,-0.05206,0.024571,0.045713,0.026504,0.021704,0.0087007,0.021917
-0.035637,0.053124,0.035049,0.048437,0.024365,-0.12411,-0.0086043,0.026389,-0.030625,-0.03127
-0.039071,-0.024323,-0.024627,-0.021735,-0.015948,-0.012163,-0.022351,0.025226,-0.022889,-0.068384
-0.038756,-0.027428,-0.024017,0.023887,-0.048632,-0.012724,-0.018527,0.0037805,0.036855,-0.094328
-0.038256,0.053803,-0.029971,-0.012248,-0.0023089,-0.061499,-0.0093514,0.014059,-0.029783,-0.087164
-0.037203,0.036682,-0.079911,0.0079314,0.00060701,-0.054411,0.00087813,0.011327,0.058165,-0.059437
-0.038149,-0.037925,-0.020134,0.068839,-0.010566,-0.0081066,0.0078702,-0.0010925,0.072341,-0.025074
-0.038886,0.032902,0.029848,-0.055529,0.015947,0.053972,0.0064394,-0.02369,0.029823,-0.028948
-0.03997,0.0019573,0.018167,-0.059712,0.0060323,0.044107,-0.069143,-0.0035919,0.019221,0.0049156
-0.039458,0.042903,0.048934,0.0045265,-0.013577,0.030447,-0.0010072,0.024143,0.0044572,0.0159
-0.037983,0.076386,0.00035958,0.016052,-0.012456,-0.040716,-0.037409,-0.053085,-0.047726,-0.031488
-0.040238,-0.004546,-0.0017194,-0.010589,-0.02813,0.042841,-0.030735,0.018177,-0.046167,-0.019733
-0.038261,0.0060864,-0.055797,0.050149,0.00078757,0.01664,0.018065,-0.051949,0.033265,-0.037825
-0.038755,-0.01078,-0.053171,0.041036,0.023837,0.004254,0.023774,-0.039507,0.056204,0.0075223
-0.040279,-0.013911,0.026986,-0.042496,0.011177,-0.00030376,-0.0058767,-0.0048052,-0.018165,-0.060916
-0.039382,0.021228,0.020236,-0.049021,-0.032623,0.0084128,0.046686,-0.033298,0.022587,0.014072
-0.0403,-0.024886,-0.0044937,-0.049661,-0.032558,-0.02384,0.021311,0.015267,0.0083584,0.021024
-0.039297,0.015418,0.063394,-0.012918,-0.0061312,0.0016235,0.049483,0.00039243,-0.010979,-0.0047162
-0.037875,-0.053414,-0.021323,-0.032172,0.02182,0.038005,0.043739,-0.035741,-0.061394,0.000392
-0.03833,-0.015422,0.0067711,0.074319,0.012233,0.052221,0.059453,-0.034449,-0.020328,-0.019989
-0.037823,-0.069189,0.058088,0.0039158,0.034571,-0.031279,-0.018236,-0.0028365,0.01701,-0.030761
-0.038492,-0.058377,-0.0049757,-0.057505,-0.02572,-0.048146,0.062706,0.023688,0.01512,0.0089014
-0.039457,-0.030564,-0.024867,-0.023418,0.0084071,0.034895,0.020703,-0.01565,-0.078752,0.0155
-0.038974,0.012504,-0.028717,0.043158,-0.077637,0.0002867,0.036863,-0.012224,-0.014142,0.020434
-0.038992,0.0019003,0.015988,0.01739,-0.098391,-0.0059974,0.015891,-0.007534,-0.0445,0.035015
-0.038089,-0.0010661,0.050395,-0.0098671,-0.086001,-0.0027978,-0.0021278,-0.062099,0.014918,0.062441
-0.038508,-0.066284,0.013089,-0.039152,0.012871,-0.04629,0.074373,0.082866,-0.014483,-0.004697
-0.03953,0.037633,0.042443,-0.044798,0.016566,0.05591,-0.013178,-0.011235,0.028019,-0.052085
-0.037694,-0.056398,0.082408,0.027017,-0.016016,-0.036484,-0.0074706,-0.0057258,-0.027313,0.031481
-0.039257,0.0025218,-0.048196,0.060357,-0.01171,0.046683,0.025314,-0.0062378,0.019721,-0.015597
-0.038477,-0.046775,0.030238,-0.043312,0.021818,-0.012566,0.033789,0.042276,-0.033491,-0.013986
-0.04017,-0.013798,0.025896,0.04297,0.007578,0.04026,0.051944,-0.0073047,-0.016792,-0.025549
-0.038746,0.016172,-0.052389,0.061121,0.025211,0.056474,0.079013,-0.00018785,0.0038889,-0.021115
-0.037445,0.061559,-0.048263,-0.014021,0.037858,-0.063633,0.047059,0.027783,-0.0097818,-0.015359
-0.03947,-0.030978,-0.044239,0.0092736,-0.018822,0.00079625,-0.024601,-0.006991,-0.029363,-0.065066
-0.038474,0.061139,0.051252,0.0071886,0.020672,-0.038808,-0.050294,-0.054356,-0.0078546,-0.0469
-0.0359,0.054203,0.011381,0.060228,0.051378,-0.10257,0.0088067,-0.010219,0.0021523,0.031414
-0.039615,0.0018012,0.011505,-0.044178,0.023637,0.025466,0.052736,-0.029787,0.033072,0.028309
-0.038742,-0.013667,-0.0058847,-0.032425,-0.016522,-0.022374,-0.010927,-0.038463,-0.0072823,0.04091
-0.040185,0.0032465,0.035337,-0.022996,-0.032906,0.021931,-0.027171,0.060304,-0.025603,0.058976
-0.039192,-0.046276,-0.017759,-0.0010711,-0.011079,-0.062193,-0.010366,-0.0036316,-0.0097439,0.022398
-0.039039,-0.005564,0.016956,-0.051709,-0.075044,0.032825,-0.010296,0.021029,0.012873,0.077854
-0.040379,0.0051086,-0.0031627,0.0070793,-0.085867,0.018853,-0.032517,-0.013407,-0.023158,-0.049486
-0.038164,-0.051351,-0.052346,0.023016,-0.00021817,-0.056057,-0.019749,0.01489,0.048827,0.055434
-0.034481,-0.071716,0.046364,-0.0095997,0.056568,-0.088375,-0.048404,-0.031682,-0.021351,-0.0060469
-0.036657,-0.081208,0.06476,0.027755,0.012615,-0.040461,0.0088138,-0.047393,0.060121,0.023383
-0.03792,-0.06527,-0.0202,-0.032995,0.03221,-0.050848,0.048755,0.01217,-0.020204,-0.048421
-0.038972,-0.041953,-0.00082629,-0.010781,0.03699,0.01761,0.0022373,-0.06679,-0.039233,0.026033
-0.037651,0.067528,0.019525,0.022966,0.032685,-0.062154,0.028791,0.057615,0.025778,-0.005374
-0.038323,0.05193,-0.045869,0.023776,-0.034897,-0.040229,0.063357,0.040749,-0.040838,0.029504
-0.039343,-0.023011,-0.0098022,-0.066307,-0.023571,0.027868,0.047537,-0.0015867,0.013464,-0.0069681
-0.0376,-0.069734,-0.043025,0.006545,-0.0026724,-0.063632,-0.0034858,-0.00088974,-0.0022361,0.048106
-0.037924,-0.063941,-0.021827,0.03041,-0.034827,-0.027741,-0.034382,-0.014753,-0.025385,0.026672
-0.038859,-0.039726,-0.071936,0.014025,0.0076488,-0.011125,-0.026488,-0.069205,-0.015371,-0.012838
-0.039861,0.015162,-0.016328,0.042781,-0.0047619,0.0091667,0.042639,0.02627,-0.015107,-0.047231
-0.039556,-0.018088,-0.011919,0.037976,-0.057209,0.0026923,0.021662,0.024451,0.0068735,0.024907
-0.037982,-0.040214,0.030937,0.028547,-0.03022,-0.010094,0.040082,-0.055069,0.070259,0.050293
-0.039053,-0.049527,-0.036988,-0.041395,-0.0030098,0.0042617,-0.01381,-0.021116,-0.047554,0.065549
-0.039255,-0.0041481,0.03771,0.027534,0.016997,-0.0029473,0.026316,-0.031399,-0.052352,0.00028859
-0.039157,-0.0095754,0.0099333,0.06288,-0.05915,0.035115,-0.022382,-0.022009,0.04783,-0.030972
-0.038956,0.043561,-0.032076,0.04075,0.040531,-0.019449,0.010713,0.074967,0.020558,0.016434
-0.039058,-0.032346,0.009397,-0.055226,0.029689,0.028091,0.02799,0.068769,-0.064343,-0.059335
-0.03906,0.048294,0.04157,-0.023789,-0.038188,-0.0017451,-0.029208,-0.028988,-0.0061751,0.059089
-0.038907,-0.040595,0.025908,0.032328,-0.039575,0.028951,-0.0053634,0.002572,0.010757,0.030696
-0.039646,0.025047,0.040375,-0.010589,0.0423,-0.04091,0.044838,0.016557,0.058931,-0.038636
-0.039553,0.028017,0.0069189,-0.00088546,0.037152,-0.0020812,0.071836,-0.02891,0.031546,0.053575
-0.040029,0.022483,-0.0029438,0.011473,0.041532,0.016763,0.044298,0.041761,0.024859,0.027803
-0.039684,-0.0087035,0.0085006,-0.037008,-0.0069656,-0.029324,0.037198,0.012509,-0.023049,-0.024562
-0.040252,-0.020214,-0.0020677,-0.025555,-5.1561e-05,0.039092,0.030924,-0.00053899,-0.035989,0.049122
-0.039184,-0.034984,0.0072495,0.026782,0.043164,0.029855,0.010759,-0.044344,-0.0083378,0.031492
-0.036254,0.0017394,0.0042052,0.081563,-0.063767,0.076434,-0.053589,0.048596,0.010021,-0.11924
-0.038401,-0.041025,-0.044224,0.02866,-0.0096093,-0.052806,-0.048795,-0.027341,0.018911,0.035502
-0.03877,-0.0022117,0.047992,-0.034798,0.044535,0.023219,0.020005,-0.022026,-0.052271,0.015542
-0.039758,-0.018158,0.05066,-0.016261,0.0036662,0.00023392,0.041516,0.019609,-0.027578,-0.008462
-0.038853,-0.049018,0.0063351,-0.026319,0.018113,0.024564,-0.0090281,-0.0063154,-0.064042,-0.029853
-0.038752,0.064259,0.0052228,0.024494,0.032396,-0.020303,0.022258,0.021528,-0.0058397,0.011239
-0.039394,0.035233,0.039528,0.0041199,0.018026,-0.027875,0.05177,0.031136,0.05261,0.017638
-0.039954,-0.020729,-0.0051495,0.039509,0.019578,0.051086,0.048072,-0.016195,0.011424,0.012156
-0.039638,-0.004024,-0.017202,0.045124,0.0088994,0.034865,0.068408,0.011553,-0.006535,-0.054893
-0.038642,-0.0017033,-0.039881,0.050902,-0.046603,0.034503,0.0317,0.0042853,0.0035128,-0.068608
-0.038774,0.0081778,0.037981,0.069846,-0.036041,0.040011,-0.028044,-0.0099335,0.043191,-0.074094
-0.037453,0.0051758,0.051561,0.036585,-0.075486,0.010214,-0.040937,-0.033251,-0.019926,-0.037842
-0.039958,-0.029744,-0.0055435,-0.0080448,0.011292,0.02134,0.01433,-0.041386,-0.085383,-0.0031906
-0.039309,0.042439,0.034012,-0.036436,0.026513,0.035278,-0.011959,-0.042168,-0.0010636,-0.0042578
-0.039666,0.010208,0.021349,-0.081649,-0.0019155,0.045027,-0.004692,-0.0049085,-0.031065,-0.0088231
-0.038816,0.017562,-0.052386,-0.025474,0.056317,-0.0012053,-0.025237,-0.031643,-0.0089504,0.0044118
-0.038847,0.00091237,-0.029516,-0.055276,0.054693,0.052472,-0.028625,-0.043055,0.020379,0.0026242
-0.03933,-0.044683,-0.043629,-0.059399,-0.03028,-0.036155,0.038522,0.028029,0.010264,-0.0062912
-0.037062,0.046702,0.0027364,0.018389,0.03628,-0.038499,-0.15151,0.073197,0.0044713,-0.011413
-0.039758,-0.01243,0.017799,0.032997,0.043862,0.033899,0.0072835,-0.037748,-0.051731,-0.005487
-0.03828,0.026559,-0.075775,0.0024342,-0.042144,-0.015141,0.021832,-0.02614,0.038646,-0.086543
-0.036897,0.038986,-0.065604,-0.045193,-0.06898,-0.040399,0.00037102,-0.0073847,0.047207,0.027647
-0.039498,0.010472,0.00044359,-0.053041,0.0081145,-0.016894,-0.0038496,-0.073583,-0.0083742,-0.0093441
-0.03803,0.025572,0.081828,0.024321,-0.040667,-0.0873,0.022616,0.025742,-0.021837,0.0004256
-0.039233,0.046165,-0.031061,0.015762,0.039189,0.0061136,0.0070034,0.017953,0.024672,0.0027159
-0.038013,0.043015,0.046118,0.051134,0.0085178,-0.075988,0.042959,-0.017994,0.013521,0.032005
-0.037855,-0.0019955,0.037398,-0.034561,-0.069413,0.0056212,0.020447,-0.042908,0.040307,0.047918
-0.039345,0.0075608,-0.015752,0.030431,-0.010485,0.048867,0.048632,0.0027062,-0.036204,0.0012911
-0.038581,0.033574,0.0018305,0.030909,0.036181,-0.0016024,0.066364,0.014639,-0.025213,0.070065
-0.038368,0.037713,0.042845,-0.01065,-0.058541,0.023059,-0.031084,-0.056347,-0.0096282,0.0029016
-0.035819,0.026848,-0.063646,-0.072354,-0.033459,-0.042304,0.0385,0.025086,0.0026916,-0.035673
-0.036473,-0.066292,0.052936,0.031624,0.012488,-0.052044,0.025501,-0.019284,0.090072,-0.0041453
-0.039147,-0.0037387,0.013055,-0.0064535,0.010866,0.035033,0.019811,0.00473,-0.0069077,-0.042798
-0.035736,-0.023156,-0.068732,-0.033737,-0.0073451,-0.039898,-0.071992,0.040039,0.064901,-0.10752
-0.036812,0.068844,0.049545,0.014173,0.037106,-0.027465,0.0077446,-0.019492,-0.0025041,-0.018273
-0.038043,-0.065594,-0.039877,-0.0029241,0.03175,-0.028932,-0.035035,-0.06672,-0.023945,-0.0071029
-0.036454,-0.058343,-0.0569,0.0086015,0.02155,-0.077462,-0.025334,-0.045853,-0.051204,0.0057111
-0.038409,-0.045827,0.028715,-0.049415,0.0021471,-0.059167,0.043402,0.088393,-0.013315,-0.04858
-0.037928,0.039187,-0.016634,0.02051,-0.0020231,-0.034701,0.011153,-0.030027,-0.076563,-0.034064
-0.038248,0.017082,-0.064838,-0.048349,-0.0072554,-0.0055846,-0.15036,0.015681,0.055884,0.013276
-0.03985,0.019238,-0.0063468,0.0049657,0.0024579,-0.012586,0.030106,0.013761,-0.0049069,0.076068
-0.040403,0.025047,-0.041204,0.025964,0.013433,-0.0075339,0.00045667,0.03158,0.01443,0.083335
-0.038815,-0.057602,-0.016206,-0.047319,0.012732,-0.045946,0.045218,0.034255,0.012463,-0.022685
-0.03978,-0.013199,-0.007234,-0.051378,-0.035655,-0.0023853,0.03361,-0.0082172,-0.016466,0.013828
-0.039719,0.050459,0.043696,0.0031503,0.0083075,0.0047919,0.029943,0.017765,0.018722,-0.0069694
-0.038182,-0.058595,0.019044,0.051538,0.033497,0.021438,-0.032261,-0.035882,0.06435,0.0051597
-0.040173,-0.0029606,0.0065722,-0.035336,-0.00033824,-0.0080691,0.015011,0.0069593,-0.013369,-0.0079417
-0.040134,-0.015928,-0.0091267,-0.025819,0.024972,0.033651,0.0081232,0.032334,-0.047434,0.066336
-0.038745,0.051722,0.045332,0.0048477,0.0051748,-0.013908,-0.0025297,-0.081586,0.044085,-0.02874
-0.038754,0.050547,0.025092,0.0066008,-0.018287,-0.0014063,-0.014436,0.011518,0.061738,0.0057442
-0.039879,-0.004665,-0.046978,0.045893,-0.017795,0.041221,0.021811,0.041841,0.027281,-0.04808
-0.039597,0.030706,0.055486,-0.023369,0.041748,-0.0030793,0.020727,-0.0084102,0.0092911,-0.0031241
-0.038559,0.030584,0.058491,0.0052002,-0.0016876,-0.056828,0.031505,0.028775,-0.0054861,-0.03463
-0.038469,-0.022114,0.019001,0.026999,-0.012525,-0.014905,-0.017894,0.041884,0.063591,-0.022199
-0.037713,-0.072534,-0.035738,-0.0367,0.048672,-0.024728,0.0091074,-0.0027641,-0.042296,-0.059844
-0.039416,-0.004379,0.016356,0.065936,-0.017403,0.041136,-0.0081548,0.022263,-0.00029752,0.030838
-0.038766,0.012702,-0.076899,0.006765,-0.017002,-0.026219,0.0063399,-0.00255,0.049992,-0.049433
-0.037115,0.050571,-0.066521,-0.059404,0.0050173,-0.068748,5.9551e-05,0.022695,0.032151,-0.054715
-0.0398,0.017198,0.048693,-0.060804,0.0068388,-0.0015038,0.03223,-0.011617,0.015485,0.012758
-0.03922,0.015288,-0.0033719,-0.029269,-0.017812,0.010437,-0.018189,0.013353,-0.006387,-0.0011269
-0.038414,-0.05259,-0.029875,-0.012534,-0.010068,-0.050969,0.018297,-0.0051566,0.017068,-0.021437
-0.039001,0.062163,0.026018,-0.010338,-0.033737,-0.020161,-0.019245,-0.073595,-0.007863,0.060487
-0.039956,-0.026343,0.017248,-0.044592,0.019718,-0.014435,0.03751,0.02601,-0.0038615,-0.060106
-0.039768,0.033561,0.032081,-0.013954,-0.045506,-0.0083133,-0.0010615,-0.056835,0.0053114,0.089337
-0.039079,-0.0050838,0.029029,-0.074786,-0.0060346,0.049616,0.039822,0.021852,-0.038688,0.045515
-0.037809,-0.044682,-0.044777,-0.042538,0.030009,0.037097,0.013254,-0.059044,-0.05111,0.018789
-0.037982,-0.046332,0.029861,-0.050077,0.02645,0.025562,0.061379,0.056209,-0.048048,-0.037631
-0.039601,0.023541,0.010916,-0.044107,-0.008184,-0.029343,-0.0029558,-0.084749,0.022236,0.032578
-0.037592,-0.076925,-0.02768,-0.052847,-0.0029072,-0.02559,0.06194,0.020002,-0.035567,0.042831
-0.037426,-0.078471,0.053697,0.014844,0.0088365,-0.050661,0.021223,-0.036419,0.03374,0.023938
-0.038002,-0.057017,0.029365,0.056885,0.032071,0.0079983,-0.05357,-0.038217,0.0015844,0.0063656
-0.039004,-0.017327,0.0097102,-0.029711,-0.063254,-0.010231,-0.0096131,0.011981,0.057909,0.021761
-0.03948,-0.014491,-0.068692,-0.02768,0.0049227,-0.044405,-0.033316,-0.033874,0.070514,-0.02239
-0.039485,0.038152,-0.049667,0.043756,0.010895,-0.0163,0.068446,-0.0056603,-0.017512,0.015415
-0.038454,0.040499,-0.0028345,-0.021013,-0.11185,0.026018,-0.025931,-0.0027254,-0.026034,0.048047
-0.039089,-0.01053,-0.022317,-0.022605,-0.029963,-0.02591,-0.019464,-0.014911,0.016015,0.038729
-0.039562,-0.0023296,0.069895,-0.022264,-0.037032,-0.01586,0.0072706,0.04232,0.0074361,0.067591
-0.038769,0.01841,0.012589,-0.046221,-0.076147,-0.0050226,0.037848,-0.025924,0.013608,0.092164
-0.037378,0.049207,-0.042971,0.019873,0.014035,-0.023955,-0.15876,0.12172,-0.04117,0.046195
-0.036515,-0.079293,0.06222,0.021797,0.029504,-0.033326,-0.021067,-0.051515,0.017666,0.050379
-0.037803,0.062078,0.018821,0.0010181,-0.055346,0.011045,-0.049743,-0.0097892,-0.06468,-0.054791
-0.038663,0.029209,-0.054942,0.003873,-0.016433,-0.06786,0.048125,-0.0016257,-0.067335,0.005868
-0.037932,-0.035498,-0.0163,0.033023,0.060668,0.048294,-0.018639,-0.058524,0.022874,0.005884
-0.037609,0.069156,-0.055484,-0.00056105,-0.033172,-0.048,0.02706,-0.018569,-0.057962,0.046691
-0.039268,0.043023,-0.0062278,0.034336,-0.032456,0.0081401,-0.016671,-0.039128,-0.057176,-0.071839
-0.037335,0.059559,-0.052174,0.031456,-0.026021,-0.045779,0.055908,-0.026526,-0.049691,0.056227
-0.039764,0.012323,0.03084,-0.051815,0.025521,0.041257,0.048117,0.017672,0.04515,0.00049064
-0.039518,-0.046784,-0.023302,-0.033633,-0.0053783,-0.017591,-0.019478,0.0099399,-0.017462,0.036579
-0.040203,0.013334,0.043767,-0.024344,-0.0028677,0.060957,0.019557,0.016973,0.0034035,0.04855
-0.039823,0.00082606,0.020311,-0.020057,0.017919,0.064143,0.031768,-0.02732,0.0055209,-0.02032
-0.040306,0.013511,0.040888,-0.043656,0.026823,0.0098537,0.015907,-0.0076788,0.024039,-0.019661
-0.038111,-0.065753,0.02129,0.035245,0.028954,-0.037199,-0.0081804,-0.039378,0.059416,-0.015894
-0.038797,-0.039142,-0.049319,-0.026935,0.00040516,-0.02566,-0.015332,-0.015156,-0.019525,-0.035967
-0.03937,-0.055195,-0.028272,-0.039552,0.0090888,-0.033986,-0.0036271,0.0099358,-0.024442,-0.0014508
-0.036814,0.048742,0.006966,0.053368,0.047111,-0.095412,-0.0027824,-0.011026,-0.037929,0.060126
-0.037714,-0.063789,-0.058692,-0.0054252,0.046038,-0.045455,-0.041718,-0.015619,0.0071137,-0.020972
-0.039414,-0.045228,-0.0058237,-0.0023309,0.020846,-0.045064,0.012885,0.0035985,0.030666,-0.01404
-0.038439,-0.0040715,0.035561,-0.03121,-0.048061,-0.023306,0.032197,-0.024749,0.0022512,0.081239
-0.037752,-0.07291,0.0001708,-0.03366,-0.0078684,-0.036618,0.064447,0.062818,0.012242,0.0061683
-0.039706,-0.044646,-0.008335,-0.027007,0.025451,0.03278,-0.013219,-0.018388,-0.037356,0.072529
-0.038892,-0.022902,0.040649,-0.036479,0.0085933,0.0013053,0.077906,0.032695,-0.051333,-0.031137
-0.03878,-0.018581,0.0034899,0.067151,0.012992,0.075644,-0.00017712,-0.034757,0.015967,0.017032
-0.037821,-0.044984,-0.00015591,-0.036445,0.022975,-0.018866,0.04323,0.012092,-0.089278,-0.028279
-0.037773,-0.053767,-0.047303,0.037198,0.053558,-0.049591,-0.041208,-0.033879,-0.01868,0.012567
-0.039626,0.011596,-0.070168,0.032873,-0.015704,0.046033,0.0051608,0.019992,0.041565,-0.014363
-0.038831,0.043745,0.0081115,0.0054871,0.049856,-0.0068328,0.023012,0.023028,0.043181,-0.008945
-0.038986,0.046715,-0.022559,0.036796,-0.0060748,0.019643,0.055613,0.01665,-0.0098967,0.048738
-0.038227,0.04742,0.03902,-0.036024,-0.021729,-0.022943,-0.0078776,-0.020429,0.00653,0.10558
-0.039111,0.039655,-0.0023046,-0.016548,-0.061439,0.01595,-0.047731,0.014169,-0.057803,0.073777
-0.038346,-0.024718,0.0040028,-0.021997,-0.11259,0.019275,0.00045787,0.028199,0.035218,-0.065631
-0.0378,-0.035386,-0.01957,0.065127,-0.024343,0.001055,0.029703,-0.020846,0.071101,-0.038203
-0.037695,-0.038759,0.010538,0.05673,0.0049833,0.043394,-0.028386,-0.082261,0.030037,-0.032416
-0.036287,-0.063605,-0.03736,0.023814,-0.0013134,-0.075041,-0.066475,-0.073636,0.041614,-0.017396
-0.039503,-0.0035206,0.013447,-0.026034,-0.083022,0.026094,-0.016985,-0.0030245,-0.0059824,0.097729
-0.038503,-0.056558,0.015422,-0.057737,-0.0067703,0.0084636,0.035116,0.067649,-0.10075,0.0077397
-0.03855,-0.030728,-0.0096664,-0.034198,0.04666,0.039478,-0.0034738,-0.060221,-0.037921,-0.048285
-0.037234,-0.061222,0.070537,0.044757,0.023926,-0.040753,-0.044546,-0.030092,-0.033179,-0.02884
-0.03737,-0.055187,-0.049854,0.037511,0.028508,-0.033908,-0.032956,-0.031469,-0.0053566,0.0057547
-0.038586,0.030357,0.046951,0.031634,-0.022297,-0.084892,-0.0011166,-0.02544,-0.03164,0.011507
-0.04029,-0.016173,0.010778,-0.01825,-0.0007527,0.018331,0.018026,-0.034752,-0.026957,0.054772
-0.039189,0.02555,0.038683,0.022781,0.020595,-0.0025673,0.048458,0.0083912,-0.065263,-0.018752
-0.03988,0.044317,0.050588,-0.0088896,-0.0023755,0.0039894,-0.0075347,-0.030098,0.014361,0.045998
-0.036733,0.0080592,0.062684,0.023716,-0.079545,-0.023711,-0.017225,-0.033129,0.069426,0.062185
-0.038719,-0.025612,0.011803,0.058928,-0.051443,0.03908,-0.029159,0.0073786,0.042828,-0.037472
-0.039377,0.039915,-0.041413,0.020568,-0.0068048,0.0048679,0.016861,-0.017431,0.026271,0.035046
-0.038033,-0.036937,-0.01112,-0.052469,-0.044939,0.0124,0.043963,0.027691,-0.018865,0.049044
-0.036296,-0.066313,-0.042525,0.01959,-0.031767,-0.061815,-0.0052217,-0.033163,0.016983,0.024787
-0.038451,-0.0038264,0.0024907,0.00411,-0.0665,0.059902,0.010022,-0.0013297,-0.018847,0.0027048
-0.038945,-0.014571,0.0067198,0.029236,-0.052402,0.019584,0.027661,-0.0079286,0.043898,-0.049514
-0.038916,0.019655,-0.0086841,-0.078467,-0.048736,0.034537,-0.0083685,-0.015336,0.0066865,0.015014
-0.037072,-0.036326,-0.025882,0.010021,0.069338,0.038312,-0.11748,0.12471,-0.026795,0.10517
-0.039413,0.014722,-0.016004,-0.048192,0.030075,0.023498,-0.0029404,-0.043055,0.015758,0.039381
-0.039551,0.029913,-0.011488,0.033458,-0.011235,-0.0023132,-0.019576,0.0021295,-0.032032,-0.024073
-0.038268,0.032095,0.012182,0.021428,0.033273,-0.048651,0.063005,0.03106,0.0064556,-0.0245
-0.03897,0.034668,0.019452,-0.011676,0.027043,-0.014619,-0.032108,-0.057723,0.024944,-0.010305
-0.038535,0.045956,0.074839,-0.016938,0.043611,0.014949,0.0059873,-0.0024135,-0.019284,-0.049257
-0.038556,-0.0038759,-0.027776,-0.021677,-0.087509,0.037556,-0.054678,0.1309,-0.016478,-0.043556
-0.039219,0.018531,0.015872,0.016004,0.049692,-0.012625,-0.0078174,0.025972,-0.030002,0.032033
-0.03973,-0.010145,-0.012473,-0.0034703,0.019025,0.0047623,0.015528,-0.04023,0.024718,0.038637
-0.038639,-0.0063983,0.042013,0.0089349,0.025992,0.034252,0.026886,0.0010946,-0.051679,-0.035443
-0.039895,-0.016027,-0.039808,-0.031289,-0.0070485,0.029331,-0.0089607,-0.007544,-0.032681,0.077207
-0.037577,0.05873,0.05968,0.028069,0.043331,-0.025927,0.018054,-0.012723,0.03724,-0.0019314
-0.037417,0.038858,-0.023365,0.056541,-0.046413,-0.034273,0.017319,-0.016739,-0.11928,0.031552
-0.040353,-0.018273,-0.016367,-0.050409,-0.052822,0.017848,-0.0020144,0.046411,-0.020368,0.028292
-0.039454,-0.016713,-0.013651,-0.049376,0.013562,0.024537,-0.022124,-0.035152,0.0086251,-0.0099952
-0.039194,-0.053169,0.012862,-0.011815,-0.030662,-0.041901,0.040283,-0.001798,0.005601,-0.028694
-0.039148,0.051443,-0.026302,-0.027861,-0.058455,-0.041599,-0.012174,-0.047231,-0.021276,-0.022321
-0.040291,0.028079,-0.047888,-0.01252,-0.042791,-0.029313,-0.004223,-0.0011588,-0.047305,-0.077488
-0.038018,0.064448,0.014764,-0.027088,0.048107,-0.029271,-0.011968,-0.073203,0.038412,-0.017826
-0.037566,-0.062082,0.055865,0.016097,0.03638,-0.062047,-0.010918,-0.053837,0.033774,-0.054829
-0.038224,0.044236,-0.055521,0.046793,0.034586,-0.010731,0.045618,0.023529,0.014656,0.018176
-0.038714,0.0020058,0.0096802,-0.011892,0.048211,0.053059,0.053153,-0.013598,-0.0053749,-0.030923
-0.039477,-0.044744,-0.02479,-0.039141,-0.0053424,-0.01136,0.0028978,0.0074003,-0.023366,-0.015068
-0.039054,-0.041418,0.02955,0.064314,0.0022172,0.038621,-0.0060486,-0.048711,0.002941,0.01394
-0.037724,-0.032277,0.017613,0.047807,0.017888,0.03354,-0.014197,-0.079342,-0.047886,0.0051265
-0.037513,-0.048765,0.068916,0.048833,0.032682,0.025644,-0.023773,-0.04312,-0.0058788,-0.05244
-0.040015,-0.036899,0.010513,-0.001834,0.026711,0.04105,-0.001423,-0.015675,-0.07284,0.069078
-0.039321,0.032382,0.036187,0.0022687,-0.080524,0.0082357,-0.018546,-0.023226,0.0088968,-0.015639
-0.039491,-0.033935,-0.003146,-0.040761,0.013795,0.035008,0.034136,0.0091627,-0.044895,-0.0023656
-0.038235,-0.04146,0.079797,0.010053,-0.020647,-0.051626,-0.059186,-0.012235,-0.040875,0.0010713
-0.038671,-0.051246,-0.018581,-0.016292,-0.049497,-0.0068003,0.042371,0.015503,0.045465,-0.038443
-0.037645,-0.068978,-0.021793,-0.014594,0.016269,-0.054744,0.042929,-0.0095382,0.005584,0.015065
-0.037801,0.060254,0.030659,-0.011699,0.011449,-0.079754,-6.5421e-05,-0.058869,0.010454,0.071878
-0.037027,0.050532,-0.036728,0.0038492,0.063067,-0.052048,0.018839,-0.049232,-0.05346,-0.0056939
-0.038388,0.047669,-0.018917,0.02748,0.041248,-0.040264,0.075874,0.04126,-0.032804,-0.01573
-0.036816,0.05609,-0.045194,0.015324,0.038357,-0.010349,0.066487,0.018933,0.00098416,-0.048603
-0.038359,0.044197,-0.0025935,-0.0024402,-0.053461,-0.014685,-0.035036,0.0098435,-0.058161,0.058906
-0.037587,0.069983,0.030506,-0.052819,-0.010414,-0.0085849,-0.041085,-0.04477,0.026192,0.021906
-0.038773,0.049159,0.050168,0.010655,-0.010695,-0.054491,-0.0026753,0.016922,-0.034699,0.059719
-0.038594,0.041094,0.016719,-0.022002,-0.045313,0.014873,-0.058506,-0.055662,-0.0080973,-0.024173
-0.039711,0.016026,0.043327,-0.037038,0.020411,-0.00093384,0.01635,0.017811,0.0077179,0.015262
-0.039147,0.018253,-0.01115,-0.030073,-0.074665,0.018129,-0.022215,-0.00039229,0.020821,0.055991
-0.039288,0.0021648,0.0194,-0.065711,-0.018182,0.0015345,-0.014709,0.0068345,0.01729,0.026868
-0.038518,-0.023249,0.016274,0.034901,-0.05924,0.003672,0.0094494,0.031939,0.049639,-0.052249
-0.039863,-0.026266,0.00014908,-0.033028,0.021335,0.040142,-0.005756,0.0025287,-0.067448,-0.021474
-0.037652,0.042626,-0.025641,0.040001,-0.055629,-0.033124,0.048754,-0.027348,-0.054193,-0.010374
-0.039188,-0.013563,-0.026725,0.049304,-0.015137,0.04952,0.034095,0.00057863,0.054053,-0.011795
-0.038721,-0.032212,0.035377,0.068578,-0.034733,0.017961,-0.0075315,-0.039954,-0.016219,-0.032122
-0.038868,0.014721,-0.056342,0.0031775,-0.085263,0.0076695,0.030634,-0.036635,0.0016949,-0.014506
-0.037775,0.02872,-0.021597,0.026937,-0.076983,-0.00040221,0.0080115,-0.0037228,0.017202,0.035202
-0.037851,0.064249,0.016505,-0.0073107,0.045289,-0.028364,-0.038791,-0.077213,-0.018345,-0.041987
-0.039191,0.013597,-0.0028008,0.018789,-0.058582,0.031899,0.012519,0.034343,-0.022331,0.026438
-0.039089,0.0090834,0.011774,0.043458,-0.037356,0.034106,0.018055,-0.032055,-0.033011,-0.016968
-0.03823,0.015078,0.00073885,0.018676,-0.097646,-0.0076983,0.017365,-0.012687,-0.0031118,0.05925
-0.038753,-0.05468,-0.0091036,-0.055974,0.012428,-0.056213,0.05031,0.03835,-0.0087701,-0.045388
-0.039526,-0.0049076,-0.026537,0.048845,0.028446,0.030035,0.060932,-0.0053881,-0.0072751,-0.022887
-0.038544,0.041693,0.057562,0.0033915,-0.0056972,-0.019295,0.070144,0.040606,0.024607,0.07332
-0.038836,0.014695,0.01612,0.043673,0.025385,-0.017225,0.076737,-0.0041099,-0.034484,0.0074276
-0.038979,0.043329,-0.042374,-0.010751,0.05796,-0.01042,0.0063304,-0.01038,0.069806,-0.010337
-0.039685,0.011328,-0.019352,-0.0083558,-0.046936,0.0088663,-0.019536,-0.030983,-0.0042,0.0038786
-0.038984,-0.0031602,-0.020588,0.068583,-0.038786,0.041008,0.01481,0.004872,0.027316,0.062048
-0.039067,-0.044097,0.023151,-0.027063,0.030998,0.013489,-0.033978,0.1091,-0.05017,0.059504
-0.037594,0.037269,-0.011742,-0.037672,-0.022188,0.0093481,-0.041172,-0.08217,-0.012162,-0.040138
-0.039482,-0.0038548,-0.017851,0.068586,0.013056,0.049842,0.0098843,0.025099,0.031585,0.04228
-0.039615,0.022108,-0.004727,0.050938,0.015219,0.036607,0.053871,0.016283,-0.036749,0.043082
-0.037064,-0.057649,-0.037903,0.030142,0.0095466,-0.047137,-0.043149,-0.073797,-0.024154,0.038424
-0.038813,0.031572,0.02823,-0.030882,0.0084532,0.045699,0.014596,-0.012341,0.02259,-0.028246
-0.038605,-0.039677,-0.030993,-0.040196,-0.018595,-0.029541,0.020649,0.015942,0.010173,0.027335
-0.038094,-0.054425,-0.024533,0.017533,0.010874,-0.048087,-0.038206,-0.034097,-0.011415,0.0088271
-0.040016,-0.011188,0.04744,-0.045354,-0.028653,0.0099487,-0.038573,0.075567,0.011498,0.02679
-0.036873,0.065077,0.017006,0.055986,0.031047,-0.043924,0.047865,0.030919,-0.026038,0.0445
-0.03677,0.052515,0.04939,0.059629,0.034131,-0.10963,0.0026911,0.015966,-0.020083,-0.018571
-0.038627,0.040704,0.0016281,-0.017138,0.040576,0.025745,-0.10616,0.059768,-0.01373,-0.043177
-0.039167,0.029751,-0.033343,-0.039825,0.03448,0.012381,-0.10744,0.052166,-0.012164,0.00089019
-0.038169,-0.057376,-0.029196,0.013007,-0.0069485,0.022075,-0.0077035,-0.041295,-0.023462,0.034757
-0.040082,-0.0017747,0.0014332,0.033748,0.037606,0.033528,0.023372,-0.01593,-0.029215,0.0041042
-0.038581,-0.021686,-0.035932,-0.011204,0.031107,0.0086408,-0.045353,-0.054412,0.03812,0.060569
-0.039966,0.015665,0.041357,0.023538,0.019241,-0.0093728,0.05344,-0.0036429,0.0024973,0.0027292
-0.038839,0.0293,-0.037315,0.0092488,-0.074704,-0.04155,-0.0024266,-0.0035343,-0.026008,0.050139
-0.039135,-0.04989,-0.018656,-0.023194,-0.00092502,-0.063306,0.011585,-0.0079146,0.018579,-0.020945
-0.040025,0.010554,-0.035055,0.036477,0.012,0.044884,-0.0060412,-0.011063,-0.012473,-0.027704
-0.037307,0.058225,-0.073224,-0.025703,-0.01572,-0.06545,0.0045703,-0.0055038,-0.028072,-0.0097249
-0.039644,-0.025133,0.021285,0.035455,-0.05614,0.024382,0.010035,-0.0020232,0.020954,0.024207
-0.038659,0.04025,-0.049226,0.013781,0.0061015,0.032252,0.054688,0.0040715,0.016736,0.055666
-0.038749,0.037476,-0.021584,0.020305,-0.044997,0.0085434,0.01498,-0.033178,-0.033933,-0.048735
-0.038783,0.039556,0.02971,-0.026504,-0.01022,0.0070636,-0.038683,-0.027109,-0.018152,-0.044686
-0.03792,0.045671,0.029583,-0.031909,0.015843,0.061267,0.018483,-0.053007,0.026083,-0.036901
-0.039552,0.0020123,-0.022348,0.04384,0.03549,0.048154,0.031527,0.047935,-0.0073598,-0.03213
-0.039818,-0.0097568,-0.021838,-0.013273,-0.0075356,-0.033779,-0.042445,0.015095,0.037268,-0.037147
-0.040841,0.0059086,0.017616,-0.0050031,-0.017824,-0.026023,-0.031085,-0.034673,0.012588,0.019832
-0.037409,0.043778,0.036641,0.042628,0.038608,-0.11441,-0.027337,0.0054178,-0.024396,0.055029
-0.038272,-0.027563,-0.045679,0.016503,-0.061995,-0.01206,0.045005,0.024991,0.073335,-0.014372
-0.039225,-0.006677,-0.0083285,-0.0035913,-0.030638,-0.0057286,0.0090112,0.013803,-0.0053797,-0.026356
-0.039111,0.027877,-0.020737,0.034384,-0.081559,0.011662,-0.037282,0.038892,-0.023266,0.03774
-0.038572,-0.042989,0.044953,0.033258,-0.035622,-0.010144,-0.020953,0.017466,-0.018622,0.085475
-0.038799,0.040312,-0.018493,0.02361,0.0053733,-0.032885,0.02288,0.007336,-0.045834,-0.011969
-0.039564,0.012409,-0.026264,-0.070798,0.011538,0.051702,-0.074164,0.0015913,-0.039965,0.019354
-0.03982,-0.021368,0.019363,0.031101,-0.0094097,0.054186,0.015264,0.0069409,-0.060046,0.037302
-0.038882,-0.048284,0.003201,-0.017856,0.0062124,0.017172,0.026426,-0.0024571,-0.071415,0.062517
-0.039741,-0.0084291,0.0062754,-0.021281,0.027322,0.045655,0.009989,-0.015918,-0.070789,-0.017364
-0.038184,-0.064136,-0.018817,-0.031966,-0.024753,0.019465,0.039777,0.024981,-0.065165,0.026558
-0.039387,0.020488,0.039171,-0.061321,0.013719,0.002762,-0.013667,-0.022706,0.0079934,-0.016445
-0.036652,0.047968,0.070479,-0.029663,0.002381,0.022736,-0.025226,0.004487,0.057718,-0.10993
-0.038374,0.051085,0.062471,-0.0029253,0.029071,-0.013769,-0.023531,0.00099444,0.025553,-0.070174
-0.037295,-0.070793,-0.020049,-0.039713,0.003087,-0.056865,0.047467,0.068609,-0.023123,0.021506
-0.037967,-0.062504,0.0021478,-0.018557,0.051554,-0.070278,-0.011404,0.018675,-0.039881,-0.00041932
-0.039087,0.0036589,-0.0050522,0.00067165,-0.085281,0.0021045,-0.015583,-0.00091943,0.023628,0.029428
-0.038595,-0.028737,-0.0052537,-0.053024,0.044167,0.049688,0.0020673,-0.048143,0.054184,-0.032141
-0.038443,-0.039726,0.00046067,0.026024,-0.021813,0.005717,0.05345,0.075188,0.016661,-0.00066515
-0.037475,0.059913,0.038279,0.0039695,0.021357,-0.027013,0.058811,0.029941,0.022227,0.024268
-0.038292,0.038498,-0.054216,0.011298,-0.033172,-0.054414,0.030653,-0.0031623,-0.082,-0.039716
-0.038388,0.043593,-0.037499,-0.017465,-0.015719,-0.0221,-0.015456,-0.047308,-0.048497,-0.065905
-0.039322,0.031633,-0.041802,0.023078,0.028828,-0.0060361,0.036946,0.040501,0.028725,0.055914
-0.038648,-0.047204,-0.0033169,-0.025101,0.045537,0.0026403,-0.0061218,0.070741,-0.029446,-0.054006
-0.040128,-0.038805,-0.023348,-0.040478,0.024748,0.016692,-0.022324,0.032585,-0.024521,0.054715
-0.039147,-0.0043534,-0.026177,-0.031939,-0.092887,0.013479,-0.014739,0.077375,-0.0079498,-0.012324
-0.039929,-0.018224,-0.034485,0.0040934,0.009376,-0.018505,0.02098,-0.031568,0.030961,0.048669
-0.039749,-0.011684,0.01652,-0.026573,-0.040263,-0.023569,0.011628,-0.024124,-0.02116,-0.048207
-0.039087,0.024216,-0.032118,0.033853,-0.022693,-0.043137,-0.078173,0.038723,-0.058425,-0.04766
-0.038987,0.048523,0.024039,-0.016177,0.032349,-0.0086619,-0.055068,-0.057842,0.014644,-0.0041537
-0.039461,0.035349,0.042072,0.003539,-0.028267,-0.0057551,-0.025517,-0.073951,0.022462,0.0028258
-0.039076,-0.033022,-0.028895,-0.05961,-0.0036662,-0.03366,0.013451,-0.017887,-0.037697,0.046225
-0.039718,0.038292,0.042346,-0.032738,0.023686,-0.0041115,0.040539,0.0065974,-0.016486,-0.035592
-0.040369,0.024141,0.022128,-0.033154,0.018005,0.017453,0.019481,0.014744,0.052642,0.0053712
-0.0385,-0.025424,-0.013897,0.011325,0.033833,-0.033773,0.0088331,-0.046714,0.054261,0.028873
-0.03861,0.028128,-0.06553,0.051472,-0.033712,-0.027071,-0.0028559,-0.011567,0.021991,0.0048676
-0.039564,-0.023445,-0.026251,-0.043558,0.013956,-0.010466,0.021628,-0.053368,0.012073,0.03458
-0.039116,0.051804,-0.001729,-0.0082518,0.028469,0.012541,0.054159,-0.019519,0.043523,0.028894
-0.037901,-0.01181,0.026278,-0.033021,-0.0099066,0.016077,0.047506,-0.066512,-0.048021,0.010374
-0.03656,-0.042633,0.070054,-0.021228,-0.011312,-0.052189,-0.011777,-0.027561,-0.081673,-0.054098
-0.039116,-0.033769,0.040675,0.026482,-0.010724,0.015523,-0.022646,0.0043555,-0.051168,0.03941
-0.037103,-0.046243,0.041216,0.0089484,0.061107,-0.058015,-0.0091934,-0.029335,-0.013361,-0.011303
-0.03941,-0.0023122,0.027143,-0.039592,0.04805,0.076631,0.032929,0.0029015,-0.039449,-0.035609
-0.03842,-0.039519,-0.029079,-0.046418,0.037618,-0.018638,-0.032808,-0.017027,0.021673,-0.027234
-0.039649,0.039137,0.049639,-0.016394,0.046198,0.025582,-0.0064899,-0.0014593,0.0090887,-0.038264
-0.037363,0.041261,-0.072514,0.015625,0.033242,-0.048096,0.029851,0.010968,-0.027976,0.017637
-0.037108,0.011221,-0.051193,0.014349,-0.067466,0.0087217,0.021498,-0.0050496,0.041498,-0.0015746
-0.039562,0.030038,-0.04755,0.035948,0.0066735,-0.01729,0.039676,0.010202,-0.0037784,0.043096
-0.038986,-0.038386,0.027362,0.077316,0.004163,0.063001,0.018406,-0.0044472,0.0089814,-0.049104
-0.039268,0.0022195,0.016611,-0.0093984,0.0050802,-0.037202,0.085347,-0.022842,-0.022628,0.052481
-0.037941,0.056411,0.052017,-0.032387,0.049118,-0.007519,-0.0064857,-0.040151,0.077203,-0.0798
-0.038059,0.03006,0.052816,0.048284,-0.018933,-0.097997,-0.0033702,0.060499,-0.040091,0.0069145
-0.036541,-0.064506,0.05641,0.069118,-0.0012421,0.008606,0.0058387,-0.047636,0.0038048,-0.015376
-0.037193,0.049175,-0.03088,-0.028219,0.052779,-0.024882,-0.0072041,0.065622,0.054829,-0.0069597
-0.039437,0.0013244,-0.058243,0.029636,-0.04121,0.0060493,0.042176,0.01156,0.03142,-0.049527
-0.038852,0.050131,-0.04791,-0.0038403,0.020362,-0.030721,0.061405,0.010153,0.045903,0.047229
-0.036934,0.047895,-0.0095664,-0.071389,0.0041018,0.024025,-0.075061,-0.090163,0.004258,0.017914
-0.03965,0.029004,0.030412,-0.028084,-0.00064301,-0.00050794,-0.049491,-0.0066265,0.034341,-0.00011859
-0.037816,0.048648,-0.008849,-0.083555,0.0031746,0.017833,-0.047407,-0.086369,0.012551,0.027906
-0.040033,-0.0070407,0.0077376,-0.030175,0.003437,0.040827,0.06559,0.0090101,-0.020136,0.022525
-0.040523,0.02796,0.010818,-0.035181,-0.00070027,0.027703,-0.031025,-0.014873,0.017663,0.014236
-0.039925,0.020885,0.016643,-0.023229,0.0048315,0.021474,-0.015093,0.021723,0.023934,0.029184
-0.039066,0.00080608,0.0063424,-0.07191,-0.011015,0.019738,-0.030192,-0.058891,-0.0057842,0.014728
-0.038644,0.053375,0.03976,0.0014456,0.024326,-0.039691,-0.011957,0.037388,0.0040012,-0.021705
-0.038234,0.033502,-0.041323,0.051872,0.030774,0.026055,0.086824,0.0041348,0.015245,0.037114
-0.039569,0.018423,-0.0026655,0.0044203,-0.066483,0.0048916,-0.050353,-0.014371,-0.033759,-0.022751
-0.039373,0.011523,0.00014098,-0.022333,-0.050309,0.0067018,-0.016494,-0.011202,0.0057085,-0.043721
-0.037788,0.02761,-0.0548,0.010273,-0.045566,0.0033916,0.0367,0.0171,-0.023901,-0.092921
-0.039297,-0.059532,-0.037647,-0.020089,-0.0079653,-0.037714,-0.028321,0.037175,0.028084,0.0012849
-0.039232,-0.012258,0.071989,-0.014256,-0.0013643,-0.032863,-0.012451,0.11742,-0.055985,0.061028
-0.038622,0.057222,0.037054,0.018804,0.013303,-0.033142,-0.0081635,0.0072672,-0.0078359,-0.051846
-0.039305,0.042109,0.062488,0.013532,0.05194,0.010619,0.0039501,0.053768,-0.04217,-0.033413
-0.038876,0.027289,0.027641,0.011051,-0.019073,0.0089509,-0.004302,-0.045142,0.054233,-0.030019
-0.039294,0.014284,-0.049379,0.042525,-0.064402,0.0069788,-0.0017176,0.032026,0.044025,0.040746
-0.038646,-0.038491,-0.0075126,-0.032388,-0.063307,-0.043257,0.029224,0.013058,0.038047,-0.040342
-0.039036,0.058299,0.058988,-0.034278,0.012494,-0.019965,-0.0090921,-0.046396,0.030297,0.01932
-0.037398,-0.059593,0.0531,-0.0075735,0.047045,-0.051256,0.0087681,0.010042,0.047977,-0.030924
-0.037687,0.042248,-0.056256,-0.005474,0.020868,-0.054531,0.0015359,0.027991,0.068559,0.00010532
-0.040233,0.024306,0.030646,-0.038867,-0.026497,0.026281,-0.032672,-0.018887,-0.0038674,0.015578
-0.039386,-0.010755,-0.033821,-0.026489,0.038057,0.046123,0.010596,-0.021122,-0.015395,0.035798
-0.040352,-0.0088829,0.041072,-0.03319,-0.05071,0.015912,0.0055404,0.00042002,0.008604,-0.0029428
-0.039286,-0.018508,-0.0096319,-0.049202,-0.0021891,0.021163,0.012804,0.019832,-0.017895,-0.0063693
-0.039689,0.037071,-0.00035765,-0.00091534,0.052883,0.0061959,0.018999,0.0142,-0.0127,0.037916
-0.037739,-0.039421,0.044357,0.028744,0.035634,0.042905,0.0019748,0.0088627,-0.034063,0.010915
-0.040131,0.026942,0.033054,0.026287,0.026978,-0.035298,0.013051,0.025923,-0.057151,-0.019253
-0.039597,0.021663,-0.011018,0.046711,0.012315,0.036207,0.082709,-0.0098929,0.0026503,-0.017819
-0.038882,0.025393,-0.015844,0.048809,0.042317,0.013489,0.082114,0.026984,0.0069624,-0.0074168
-0.03787,-0.062709,0.035437,0.0049609,-0.049887,-0.0584,0.019784,0.057739,0.084244,-0.042808
-0.039209,0.017299,-0.044542,0.04097,-0.021702,-0.0047929,0.018527,0.010598,0.020042,0.051781
-0.037087,-0.067158,0.017686,-0.032082,-0.037321,-0.04663,0.064168,0.071753,0.071766,0.01709
-0.039557,0.013347,-0.030354,0.023692,-0.029528,0.056854,0.040817,0.012084,0.0129,0.0082989
-0.036854,0.050156,0.046558,0.050663,0.030405,-0.056295,0.0082952,-0.045668,-0.044326,0.013921
-0.038594,-0.047429,-0.029135,0.014309,0.061833,0.014088,0.0042631,-0.052128,-0.051149,0.00099672
-0.037834,-0.053798,-0.0503,-0.024594,0.038507,-0.026458,-0.033035,-0.046329,-0.021718,-0.012316
-0.039507,0.00039527,0.016509,-0.06795,-0.0051142,0.027449,0.01257,0.017205,0.051397,-0.075299
-0.03915,-0.01863,-0.039956,-0.0666,0.023213,0.0058587,0.0043267,-0.036344,-0.077461,0.00097453
-0.036323,-0.017401,0.020575,0.069361,0.019643,-0.011259,-0.17388,0.15809,0.0018348,0.049148
-0.040319,0.03757,0.028276,-0.027124,0.0061124,-0.0078472,0.0084753,0.03549,-0.0075732,0.009873
-0.039155,0.03905,-0.032866,0.0028794,0.014739,-0.022404,0.019717,0.007176,0.047276,0.049677
-0.039745,-0.022482,0.043177,0.033177,-0.035119,0.028141,-0.027126,0.0083885,0.017251,0.015616
-0.038632,0.0073968,0.019181,-0.053999,-0.079219,0.020777,-0.0082356,-0.013431,0.0089166,0.079401
-0.039578,0.018816,0.02407,-0.031719,0.041002,0.041398,0.020089,0.0165,-0.01404,-0.011437
-0.039676,-0.00057247,0.044756,0.036692,-0.037679,0.037094,-0.025727,-0.032467,-0.011351,-0.013344
-0.04038,-0.013804,0.0059584,-0.029955,-0.032061,0.019673,-0.02082,0.0094413,0.0069344,-0.018604
-0.038567,0.039916,-0.068155,-7.8275e-05,-0.0059248,-0.0044536,0.0058343,-0.042651,0.026782,-0.018328
-0.038741,-0.0010787,-0.045434,0.06274,0.013137,0.06578,0.042008,0.015169,0.025832,0.037551
-0.039049,-0.059837,-0.028714,-0.016719,0.025684,-0.0042499,0.017777,-0.056454,-0.033627,-0.029928
-0.039171,0.036138,-0.0051796,-0.047301,0.044128,-0.010307,-0.0057771,-0.0065725,0.011574,0.0011956
-0.037996,-0.056199,0.018513,0.050756,-0.00071552,0.033565,-0.011305,-0.021342,0.071335,-0.0050032
-0.039077,-0.014478,0.030985,0.053914,-0.023481,-0.013133,-0.010651,-0.023517,-0.033616,-0.017695
-0.03886,0.021539,-0.042924,0.046105,0.031953,-0.0070444,0.021566,0.037853,0.0081259,-0.011622
-0.039451,0.018095,-0.040759,0.051494,0.014794,0.031672,0.034894,-0.024105,0.013173,0.0035951
-0.039833,-0.0029047,0.014024,-0.01378,0.031752,0.016158,0.023727,-0.002382,-0.039008,-0.013748
-0.038701,0.010263,-0.010538,-0.00073265,-0.10077,-0.0045362,0.0082817,0.0010526,-0.014478,0.02786
-0.039158,0.021748,0.00035578,-0.019584,0.031125,0.011138,0.031545,-0.02043,0.082771,-0.013964
-0.038609,-0.003444,0.072596,-0.039989,-0.040193,-0.0030164,0.035106,0.055455,0.014392,-0.024596
-0.040122,-0.0066842,-0.0063933,0.027604,0.050954,0.025587,0.0097014,0.00022367,-0.00072208,0.0012996
-0.038207,0.044231,-0.08532,0.03181,-0.014723,-0.034005,-0.016941,0.023166,0.0036654,0.010057
-0.037413,-0.044224,-0.061026,0.011243,0.016368,-0.070351,-0.030523,-0.059407,0.012353,0.00011599
-0.036248,-0.034793,0.09293,-0.024597,-0.049582,-0.0311,0.030862,0.038828,-0.012748,-0.025022
-0.036758,0.049752,0.04002,0.030174,0.043431,-0.090183,0.0051913,-0.067127,0.020284,-0.035435
-0.039529,-0.0013956,-0.028619,-0.0068512,0.068174,0.035039,0.039192,-0.03036,0.0027208,-0.014456
-0.039696,-0.040428,-0.045517,0.00032342,0.0093163,-0.012622,-0.028333,-0.01418,-0.013923,-0.0070296
-0.039836,0.010718,0.033827,-0.05383,-0.016873,0.015434,0.014286,-0.0034556,-0.0058687,-0.01982
-0.037807,-0.043834,-0.032346,0.021396,0.068508,0.042587,-0.13305,0.055035,-0.057399,0.034157
-0.038932,0.033342,0.048739,0.021729,-0.026726,-0.035701,-0.058789,-0.032674,-0.0051367,-0.017765
-0.039277,0.013479,0.0056024,0.008307,0.055598,0.037059,0.020844,0.015994,-0.012181,-0.033447
-0.039488,0.038126,0.055335,-0.0043508,0.011257,-0.0021524,-0.046873,0.027014,-0.0084552,-0.041582
-0.038611,0.02403,0.049813,0.069206,0.0089606,-0.025036,0.0076563,0.018327,-0.010917,-0.0097064
-0.038745,0.048177,-0.038279,-0.028552,0.015191,-0.045111,0.02014,0.012638,0.03666,0.027037
-0.039535,0.035554,0.030054,-0.061457,0.010985,0.034853,-0.0087106,-0.021817,0.030781,-0.073887
-0.037777,0.041795,0.056681,0.028597,0.00071805,-0.058582,0.040563,0.024997,-0.041285,-0.012298
-0.040485,-0.028918,0.0059902,-0.005129,0.01777,-0.010136,-0.035475,0.032382,-0.022612,0.016618
-0.039422,0.019447,0.026458,-0.040927,-0.040413,-0.011179,-0.0072713,0.0086458,-0.019622,0.024031
-0.038322,-0.061443,-0.015441,-0.020405,0.023566,-0.074225,0.046101,0.011567,-0.0070083,-0.060728
-0.039122,-0.040276,-0.0090818,0.01885,-0.050491,-0.045648,0.042981,0.010983,0.071352,0.0096176
-0.036391,0.068167,-0.050986,0.012119,0.047085,-0.057523,0.052334,0.048304,0.032369,-0.0027754
-0.037086,-0.061618,0.010683,0.045728,0.026886,-0.010612,-0.016586,-0.075344,0.065774,0.029343
-0.039593,0.04046,0.036386,-0.0064908,-0.014887,0.010153,-0.052448,0.0095873,-0.0057918,-0.01018
-0.037987,-0.023306,-0.069294,-0.020962,-0.053353,-0.015907,-0.04869,-0.019088,0.028634,-0.025565
