0.26016,-0.051868,0.080103,0.11301,0.1307,-0.037179,-0.13617,-0.090988,-0.078432,-0.1179
0.12391,-0.089484,-0.16206,-0.089901,-0.071826,0.11052,-0.047489,-0.012329,0.041163,0.056784
0.16581,0.051515,0.070945,0.083428,0.012831,0.0073877,-0.079184,-0.16917,0.026153,-0.0016184
0.23923,-0.070447,-0.016362,0.011063,0.024323,0.044138,-0.027875,-0.045792,0.0050966,-0.027351
0.23342,-0.0033622,-0.0068707,0.069066,0.018235,0.034042,0.033029,-0.072689,0.01053,-0.067471
0.28266,0.096931,0.031249,0.024101,-0.0039489,0.10932,-0.074571,-0.1631,0.013278,-0.047545
0.1795,0.021974,-0.010004,0.051759,0.082634,0.031865,-0.074506,-0.042949,-0.056925,-0.068822
0.26616,-0.09298,-0.045047,0.0025124,0.076483,0.016711,0.11738,-0.066132,0.12887,0.012614
0.24585,0.14951,-0.035934,0.098113,-0.016341,0.069796,-0.033266,-0.15902,0.022585,0.056644
0.1531,-0.019328,-0.052028,-0.034156,-0.035489,0.074941,-0.0026001,-0.12162,0.060305,0.1198
0.29388,-0.0086583,0.12739,0.16794,0.077554,0.052848,-0.15612,-0.15953,0.064028,-0.036537
0.18535,-0.035688,0.013829,0.054528,0.0059562,0.050958,-0.045634,-0.067969,0.009596,0.0029897
0.11359,0.13535,-0.017649,0.062968,0.094616,-0.11713,-0.062081,-0.080724,-0.00020518,-0.08836
0.13665,-0.0085235,-0.03472,0.058736,-0.011033,0.013835,-0.060616,-0.038254,-0.059014,-0.0059849
0.18778,0.14859,0.048474,0.16758,0.087585,-0.040312,-0.050359,-0.079578,0.0089304,-0.067699
0.22902,0.032424,0.038566,0.041528,0.0058268,0.029944,0.0042338,-0.10237,0.041229,0.00061467
0.21161,0.01384,0.081503,0.078889,0.0038055,0.077898,-0.019316,-0.16065,0.078397,-0.038601
0.12531,-0.026557,0.017518,0.0773,0.10577,-0.079804,-0.043243,-0.023724,-0.011078,-0.10582
0.15706,-0.014896,-0.043887,-0.079583,-0.091272,0.10795,-0.017195,-0.066074,0.072581,0.041538
0.25907,-0.0096083,-0.031236,0.026592,0.075061,0.038948,-0.034366,-0.10093,0.070858,-0.011743
0.22583,-0.061437,-0.062721,0.04107,-0.050767,0.15435,-0.0049193,-0.14082,-0.034145,-0.067669
0.2659,-0.0078102,0.058048,0.097165,0.042611,0.079593,-0.054947,-0.10638,0.056307,0.040059
0.22106,-0.12587,0.0063078,0.0013725,-0.047349,0.14228,-0.032277,-0.10935,0.15228,0.053647
0.082161,-0.0095417,0.0044548,0.037948,-0.051868,0.032173,-0.10776,-0.098762,0.092367,0.012187
0.20567,-0.056976,-0.048596,0.048708,0.022486,0.026907,-0.0154,-0.0031653,0.041533,-0.036726
0.2365,-0.030324,0.044588,0.099721,0.096378,0.028699,-0.089817,-0.091824,0.023151,-0.038627
0.25333,0.040998,0.02572,-0.024208,0.043817,0.0019318,-0.051241,-0.21144,0.083642,-0.0057811
0.22162,0.056125,0.0041425,-0.065824,-0.089188,0.13653,0.020388,-0.12346,-0.0050504,0.088941
0.10896,-0.15676,0.069818,-0.06031,0.085723,0.0046293,0.034558,-0.041431,0.11087,-0.038403
0.080983,0.0024319,-0.14446,-0.02862,-0.15133,0.12077,0.065919,-0.12304,0.10804,0.091154
0.11501,0.023505,0.023811,0.059104,0.020918,-0.040003,0.029815,-0.016697,-0.0075938,0.013156
0.17287,0.029265,-0.034071,0.070208,0.0032274,0.029702,-0.074202,-0.11106,0.0089588,0.012814
0.33911,0.072402,-0.020524,0.14379,0.12096,-0.037289,-0.1042,-0.12339,-0.04831,-0.04945
0.1578,-0.037804,-0.099391,0.054126,-0.061635,0.13751,-0.1569,0.030657,0.045693,0.03571
0.20962,0.060886,-0.064862,0.18882,0.040981,0.077731,-0.21238,-0.22069,-0.008762,-0.0068969
0.24507,0.11233,0.028941,0.14494,0.059564,-0.0072702,-0.016443,-0.12769,-0.021485,0.029379
0.23489,0.077986,0.055097,0.098815,0.04438,0.015414,-0.041629,-0.1327,0.012275,-0.073186
0.29113,0.19941,-0.026627,0.02391,0.015161,0.043284,-0.057471,-0.13025,-0.047159,-0.022068
0.18461,0.030752,0.034527,0.0062083,0.043286,0.017279,-0.010832,-0.062719,0.0060116,-0.015711
0.23129,0.03539,-0.089455,0.13433,-0.021524,0.10214,-0.15486,-0.15437,0.099887,-0.049921
0.22943,0.055284,0.091944,0.11324,0.018679,0.065426,-0.037865,-0.17396,0.0070958,0.031093
0.12409,0.094067,0.076748,0.04623,-0.028367,0.055006,-0.0058529,-0.10786,0.062924,0.022899
0.24507,-0.062063,-0.039246,0.07901,0.0079693,0.049192,0.0093369,-0.091908,0.11365,-0.029481
0.23086,0.028023,-0.11666,-0.0023696,-0.041058,0.052851,-0.009662,-0.11617,0.025185,-0.024639
0.16474,0.091623,-0.085693,0.0086766,0.014383,-0.011661,-0.061172,-0.2402,-0.08121,-0.028645
0.28519,0.0034623,-0.031136,-0.017243,-0.00091264,0.062409,0.029415,-0.1588,0.01812,0.06569
0.086603,0.027017,-0.061614,-0.033372,-0.067835,0.12089,-0.010539,-0.1688,-0.015812,-0.0014439
0.26668,0.076897,0.12522,0.075558,0.097146,-0.03771,-0.16012,-0.066764,-0.028198,0.0083495
0.25567,0.056561,0.010537,0.055535,0.0010878,0.12142,-0.033938,-0.1763,0.012638,0.068177
0.25445,-0.038372,0.10973,0.13701,0.065817,0.017175,-0.037257,-0.13603,0.083883,-0.071099
0.24724,0.065814,0.094959,0.11751,0.089565,-0.082032,-0.069931,-0.15377,-0.0079112,-0.021242
0.22774,-0.049383,0.017364,-0.011779,-0.06841,0.11805,0.1602,-0.074435,0.1278,0.030912
0.18472,-0.049894,-0.084594,0.057224,0.055785,0.0062384,-0.032017,-0.20982,0.024975,-0.090047
0.14593,-0.025628,0.028553,0.022882,0.049445,-0.057995,-0.062343,-0.10196,-0.00903,-0.073849
0.29719,-0.035966,0.0057065,0.1059,0.078046,0.02684,-0.1643,-0.22651,-0.0022575,-0.049612
0.29287,0.011473,0.0055112,0.027647,-0.032127,0.044778,-0.033127,-0.19733,0.11741,0.033315
0.28768,-0.0067253,-0.059972,0.0020586,0.036299,0.074908,-0.024674,-0.11613,0.013498,-0.064841
0.21421,0.078294,0.19218,0.040724,0.099328,-0.099755,-0.11668,-0.18167,0.064977,-0.10711
0.21803,0.0084191,0.057,0.10912,0.069491,-0.0086047,-0.046537,-0.20428,0.010246,-0.055544
0.32293,0.14911,0.025072,-0.0017343,-0.12934,0.12785,-0.03936,-0.20368,0.092857,0.099159
0.22441,-0.050638,0.032985,0.020201,0.01211,0.09733,-0.085212,-0.11153,0.034988,-0.0064966
0.22009,0.032287,0.039516,-0.032425,-0.095471,0.083097,0.0066981,-0.14772,0.11028,0.055418
0.19871,-0.02561,0.045244,0.050711,0.067544,-0.024918,-0.059099,-0.096538,-0.0051128,-0.0047615
0.27005,-0.12741,-0.092527,-0.032504,-0.091163,0.21152,-0.0082152,-0.062981,0.027839,0.032322
0.20292,0.059533,0.1036,0.10806,0.14342,-0.084293,-0.1502,-0.093793,-0.053562,-0.08831
0.19311,0.018111,-0.018094,0.076109,0.089238,0.00018049,-0.072993,-0.15431,0.067052,-0.056736
0.20231,-0.0023764,-0.017417,0.068523,-0.002179,0.08402,0.042867,-0.084712,-0.0019597,0.052656
0.28557,0.069461,0.053967,0.082994,-0.025734,0.069184,-0.11546,-0.15778,0.0021923,-0.019078
0.1411,0.039765,-0.008749,0.08326,0.086946,-0.026287,-0.0029358,-0.067449,-0.078669,-0.018908
0.2444,0.038219,0.049531,0.11012,-0.0083696,0.0096657,-0.11349,-0.13643,0.0098865,0.02976
0.15938,-0.090797,-0.14197,-0.051829,0.059563,-0.0052574,0.018476,0.016946,-0.0001954,-0.11107
0.21122,0.067541,-0.068003,-0.031674,-0.027946,0.051964,0.030634,-0.13772,0.053947,-0.0040823
0.24754,-0.095433,-0.060317,0.071858,0.087803,0.035768,0.055008,-0.014549,-0.046702,0.0033871
0.24442,0.051575,0.095906,0.049072,0.03956,0.017974,-0.039021,-0.085879,0.083894,-0.027277
0.29149,-0.086863,0.035648,-0.061854,-0.029925,0.09816,-0.016642,-0.080901,0.025021,0.034476
0.16758,-0.024564,-0.035136,0.055338,0.066216,0.015569,-0.017402,-0.1143,0.083689,-0.032933
0.24535,0.026857,0.12154,0.10026,0.10258,0.013761,-0.12693,-0.10793,0.039758,-0.085018
0.23407,-0.046001,-0.081369,0.016261,-0.035139,0.094201,-0.019056,-0.17585,0.024828,-0.057986
0.21926,0.057283,-0.032947,-0.013465,-0.010336,0.047816,-0.019956,-0.19212,0.0080462,-0.058403
0.20026,0.036195,-0.061036,0.039948,-0.0071662,0.071328,-0.0055505,-0.1382,-0.021245,0.051589
0.20109,0.014253,-0.0071563,0.14717,0.052915,0.024782,-0.059555,-0.10417,0.031703,0.015879
0.35592,0.14916,0.074975,0.11632,0.1093,0.01089,-0.16375,-0.28904,-0.0058118,-0.041369
0.26136,0.041994,0.030671,0.032151,-0.022913,0.085992,0.026552,-0.22151,0.040057,0.028119
0.23876,0.045584,0.086825,0.070051,0.11574,-0.058123,-0.045001,-0.04893,0.070814,-0.029147
0.35645,0.037599,0.16388,0.11563,0.056171,0.037325,-0.028165,-0.15332,0.010854,-0.047781
0.22024,0.05781,-0.027494,0.00342,0.04362,0.031862,-0.10051,-0.1889,-0.040797,-0.058361
0.2396,0.004252,0.088765,0.043281,0.060769,0.020384,-0.098938,-0.17329,0.022424,-0.0036692
0.21818,0.0072621,-0.0037844,0.06469,0.034026,-0.016535,-0.030421,-0.080206,0.026296,0.0085605
0.22726,-0.060634,-0.056639,0.083659,0.10713,-0.034389,-0.14681,-0.13195,0.00030684,-0.16145
0.23502,0.046039,-0.070317,0.0076146,0.029015,0.067477,-0.012305,-0.10448,0.021466,0.013353
0.15502,-0.0064452,0.011087,0.043288,-0.039701,0.035443,-0.029467,-0.13808,0.024481,0.020372
0.3118,-0.053495,0.016163,0.013728,0.033543,0.090471,0.012785,-0.1333,0.053651,-0.0041734
0.27382,-0.087016,-0.0066941,0.10568,0.057901,0.010013,0.0096817,-0.094352,-0.012203,-0.0033487
0.21038,0.069409,-0.05735,0.066043,0.0022212,-0.0065555,-0.0077287,-0.15518,0.050412,-0.032273
0.060242,0.14816,-0.044381,0.031555,0.011434,0.0049052,-0.0075248,-0.099838,-0.027879,-0.065271
0.18086,0.010677,0.0046054,0.033563,0.031063,0.044642,-0.050153,-0.11926,0.021267,-0.0061875
0.20381,0.027755,0.075909,0.090029,0.0095477,0.013576,-0.036439,-0.14985,-0.0102,0.049305
0.17959,0.0067869,0.049425,0.029564,0.019946,-0.01012,-0.070316,-0.14178,0.057644,-0.011748
0.18515,0.085375,0.021907,0.10594,0.030546,0.068659,-0.092332,-0.16155,0.017528,-0.040466
0.24791,0.049503,-0.041159,-0.001507,-0.054949,0.11149,0.084723,-0.23561,-0.023285,0.025031
0.1076,-0.031119,0.085577,0.18684,0.089311,-0.062818,-0.13875,-0.12404,0.0097284,-0.089563
0.13772,-0.075204,0.00039616,0.0081106,-0.047598,0.11708,-0.042992,-0.14248,0.047958,0.024916
0.23327,0.066185,-0.052004,0.014257,0.086024,0.023692,-0.00028438,-0.19204,-0.028327,-0.043992
0.2659,0.052864,-0.045221,-0.0089135,0.059086,0.066281,0.0059533,-0.25241,0.040644,-0.043832
0.25958,-0.0058081,-0.012631,-0.016898,-0.063147,0.13675,0.025946,-0.1685,0.079877,0.063237
0.20228,0.0054088,0.017247,0.044014,0.0035249,0.04877,-0.025332,-0.067305,-0.0065745,0.07312
0.22657,0.059993,0.011483,0.0055313,0.087659,-0.04239,0.0023051,-0.17805,-0.05564,-0.026862
0.15936,0.037733,-0.074083,0.0011872,-0.060256,0.10991,0.017641,-0.057785,0.0083327,0.039643
0.12573,-0.030871,0.039496,0.11101,0.066351,-0.026994,-0.06604,-0.035966,-0.030793,-0.03777
0.23305,-0.063729,0.045311,0.08654,0.022078,0.012279,-0.10586,-0.093686,0.05651,-0.024062
-0.0063783,0.014241,-0.039313,-0.12857,0.0076358,-0.0078424,0.029149,0.034979,-0.11022,0.011982
0.20354,0.040232,0.076792,0.089415,0.07333,0.036226,-0.14052,-0.18219,-0.02973,-0.015276
0.1884,-0.086469,-0.039204,-0.047987,-0.034892,0.06757,-0.062709,-0.052825,0.036992,-0.01866
0.20119,0.060488,-0.026557,0.050235,0.041327,-0.0033672,-0.0028106,-0.15017,0.038489,0.016428
0.28652,0.071906,0.035998,0.07707,0.011208,0.028082,-0.077455,-0.20003,0.037441,-0.025616
0.13133,0.056301,-0.1322,-0.046368,0.0029558,0.048436,-0.057327,-0.132,-0.054547,-0.013206
0.25334,-0.03762,0.1652,0.0061798,0.0032202,0.084331,-0.059118,-0.14227,0.068279,-0.019463
0.31791,0.089896,0.066677,0.12661,0.11847,-0.0038255,-0.047874,-0.16794,-0.022241,-0.044349
0.294,0.046618,0.044009,0.052975,0.051013,0.057067,-0.070611,-0.15798,0.081412,-0.046446
0.29509,0.051273,0.037092,0.15976,0.11692,0.0078849,-0.067527,-0.11945,-0.048881,-0.1227
0.26136,0.041994,0.030671,0.032151,-0.022913,0.085992,0.026552,-0.22151,0.040057,0.028119
0.23876,0.045584,0.086825,0.070051,0.11574,-0.058123,-0.045001,-0.04893,0.070814,-0.029147
0.35645,0.037599,0.16388,0.11563,0.056171,0.037325,-0.028165,-0.15332,0.010854,-0.047781
-0.072415,0.041082,-0.038758,-0.063614,-0.048623,0.064269,-0.017104,0.012765,0.059706,0.05862
0.20982,0.062888,0.025199,0.10402,0.11917,-0.032127,-0.090316,-0.12452,0.01131,-0.047243
0.29603,0.0039025,-0.026171,0.10355,0.036361,0.070128,-0.11241,-0.17689,0.038616,-0.052996
0.32255,0.045272,0.14508,0.12514,0.18426,-0.047825,-0.056327,-0.19017,0.052923,-0.11832
0.27078,0.012938,0.12443,0.10172,0.057056,0.010207,-0.062243,-0.15002,0.05498,0.028833
0.19919,-0.029286,0.027528,0.12544,0.1796,-0.08029,-0.10512,-0.10276,0.044894,-0.1408
0.24374,0.02032,0.07698,0.077787,-0.010592,0.095661,-0.029041,-0.15946,0.052231,-0.019731
0.21424,0.063638,0.0058296,0.15555,0.1159,-0.040429,-0.010469,-0.12118,0.0071599,-0.0277
0.20312,-0.079053,-0.043508,0.11301,0.045323,0.067719,-0.071258,-0.052996,0.068695,-0.071046
0.13631,-0.03096,0.040059,0.012733,0.075643,0.019066,-0.088429,-0.065601,0.011771,-0.063296
0.28493,0.021981,-0.049129,0.083634,0.02997,0.04826,0.039992,-0.14016,0.065894,-0.012219
0.25534,0.12709,0.030959,0.090527,0.057086,-0.02443,-0.055706,-0.23533,-0.010121,-0.0062057
0.030799,0.055741,-0.013778,-0.012071,-0.0088856,0.018791,0.033402,-0.086107,-0.0073212,-0.072857
0.23502,0.046039,-0.070317,0.0076146,0.029015,0.067477,-0.012305,-0.10448,0.021466,0.013353
0.15502,-0.0064452,0.011087,0.043288,-0.039701,0.035443,-0.029467,-0.13808,0.024481,0.020372
0.3118,-0.053495,0.016163,0.013728,0.033543,0.090471,0.012785,-0.1333,0.053651,-0.0041734
0.10639,-0.029975,-0.047475,-0.018002,0.045556,-0.0083127,-0.035094,-0.064825,0.13692,-0.014247
0.28652,0.071906,0.035998,0.07707,0.011208,0.028082,-0.077455,-0.20003,0.037441,-0.025616
0.13133,0.056301,-0.1322,-0.046368,0.0029558,0.048436,-0.057327,-0.132,-0.054547,-0.013206
0.13675,0.070716,0.067086,0.11701,0.06875,-0.044075,-0.070345,-0.072137,0.029461,-0.085561
0.30506,-0.06388,-0.034577,0.0021999,0.084398,0.024663,0.0002217,-0.10206,0.021124,-0.048339
0.20668,-0.018302,0.09406,0.049368,-0.017309,0.085063,-0.053903,-0.17532,0.10659,-0.00457
0.20867,0.00087441,0.013423,-0.007229,-0.043752,0.10001,-0.01408,-0.13387,0.031102,0.055257
0.21024,0.10904,-0.098304,-0.01522,0.07215,-0.017803,-0.086637,-0.11707,-0.11685,-0.11126
0.29994,0.0051916,0.092809,-0.0027475,-0.099003,0.19516,-0.026065,-0.21113,0.17942,0.08463
-0.033217,-0.037178,-0.054933,-0.075522,-0.063247,0.10437,0.083219,0.0028401,0.047387,0.12554
0.28659,0.0772,-0.01114,0.1513,0.074003,0.049751,-0.03059,-0.11646,0.0050509,-0.0065229
0.34801,0.14139,0.075807,0.097087,0.0077185,0.058792,0.0026771,-0.22402,-0.01,0.018097
0.16453,0.089775,0.093597,0.062978,0.063967,-0.11655,-0.071631,-0.14133,-0.040378,-0.0414
0.20213,0.070655,0.10435,0.071078,0.05116,-0.048481,-0.096539,-0.20415,-0.0065651,-0.0020884
0.33007,-0.051897,0.043895,0.1435,0.059728,0.079418,-0.11605,-0.23734,0.1494,0.0086863
0.23956,0.11479,-0.0071205,0.038542,0.042553,0.041574,-0.0243,-0.17221,0.028847,-0.035229
0.21506,0.0020737,-0.037231,-0.0065852,0.028402,0.047179,-0.09508,-0.11846,0.053217,-0.016784
0.19396,0.093691,0.0049283,0.055248,-0.0027563,0.076207,-0.088546,-0.15497,0.020399,-0.02247
0.090236,0.01938,-0.1379,-0.041625,-0.13819,0.19859,0.050588,-0.0777,0.12293,0.051265
0.24194,0.0093582,0.093443,0.021989,0.062239,0.0093852,-0.10646,-0.1504,0.1144,0.10146
0.1692,0.016957,-0.073487,0.011802,-0.045269,0.073796,-0.023805,-0.078107,0.0084799,0.012993
0.27584,-0.085925,0.019475,0.15492,0.084413,0.021694,-0.087398,-0.1072,-0.064049,-0.12082
0.21058,-0.0043558,-0.085201,0.049553,0.057701,0.053159,-0.056962,-0.070174,0.01174,-0.082402
0.15013,0.054314,0.16657,-0.017109,-0.0044223,0.02322,0.022905,-0.13459,0.0051588,0.062852
0.08885,-0.057286,-0.058085,-0.075017,-0.04497,0.053735,-0.021617,-0.083515,-0.00094231,0.042997
0.20702,-0.060823,0.050482,-0.027039,0.0027695,0.089363,-0.077383,-0.045303,0.061887,-0.030575
0.30914,-0.10663,-0.092414,0.096205,0.11132,0.0024832,-0.081014,-0.21838,0.0048552,-0.08065
0.28185,-0.046226,0.022,-0.012363,-0.035461,0.1626,0.042157,-0.16301,0.18003,0.044475
0.22025,0.09986,-0.011528,0.033333,0.047031,-0.033045,-0.10682,-0.23824,0.016006,-0.057094
0.17015,0.15825,0.025893,0.040942,-0.038545,0.020801,-0.052255,-0.042952,0.053899,0.025007
0.2389,0.1125,0.041044,-0.017206,-0.0078057,0.039256,-0.020689,-0.14148,-0.024961,0.050863
0.19118,-0.051855,0.02013,0.063581,0.044054,0.03273,0.054952,-0.025213,0.033833,0.014877
0.10731,0.028585,0.079041,0.10064,0.085626,-0.087872,-0.077224,-0.060634,-0.031242,-0.018518
0.29849,-0.084497,0.0081147,0.015726,0.0016983,0.12116,0.0034279,-0.19132,0.014991,-0.031371
0.22612,-0.064463,-0.017362,-0.020565,0.011392,0.099747,-0.012827,-0.055054,0.066157,-0.0072318
0.11781,0.1253,0.019622,0.10123,0.001132,0.028801,0.018036,0.010026,-0.022809,-0.018661
0.24706,-0.041107,-0.013803,0.051775,0.098079,0.060819,0.070499,-0.14528,-0.011146,-0.067919
0.24864,-0.0090652,0.091992,0.13906,0.20686,-0.12322,-0.17593,-0.057431,-0.052792,-0.037866
0.12568,-0.019984,-0.0042811,0.13013,0.0052334,0.082612,0.017727,-0.11459,0.042241,0.076743
0.065831,0.035363,0.17116,0.14444,0.12939,-0.11273,-0.071189,0.020736,-0.015029,-0.070662
0.048821,0.051724,0.0016823,0.0069259,0.12408,-0.13063,-0.040277,-0.10092,0.052307,-0.03424
-0.01163,0.037054,-0.089651,-0.11094,-0.0078327,0.026573,-0.03174,0.031064,0.018112,0.053703
0.24119,0.0073302,0.060934,0.093998,-0.021662,0.017106,-0.064689,-0.14462,0.031648,-0.013448
0.21624,-0.025882,0.027454,0.1299,0.088892,0.03918,-0.10811,-0.090761,-0.036342,-0.016847
0.15197,0.053075,0.07737,0.13932,0.056349,-0.040837,-0.066082,-0.11651,0.079585,-0.10557
0.26369,-0.019375,0.012296,0.082571,0.024323,0.011238,-0.15598,-0.20428,0.044829,-0.016233
0.23444,-0.063733,0.011479,-0.0036777,0.0002163,0.075136,-0.042694,-0.12707,0.040362,-0.065661
0.18688,0.051194,0.03716,0.095041,-0.011173,0.082512,-0.070067,-0.036332,0.081108,0.0093781
0.1783,0.0056158,0.12703,0.080014,0.046078,0.054472,-0.13361,-0.23471,-0.065555,-0.022179
0.23207,-0.022326,0.18153,0.13091,0.11478,-0.0146,-0.10138,-0.12354,-0.022163,-0.084854
0.22281,-0.062831,0.024348,0.072139,0.058095,0.080575,0.045543,-0.15818,-0.019349,-0.017258
0.075467,-0.14804,0.088179,0.078526,0.099445,-0.082014,-0.048344,-0.0071796,-0.10197,-0.17995
0.18034,0.14622,0.10266,0.059511,-0.033917,3.9414e-05,-0.042566,-0.2142,0.075545,0.026781
0.2986,0.058069,-0.021241,0.060217,0.015615,0.1003,-0.0858,-0.21662,0.024849,0.023688
0.314,0.065091,0.1486,0.14206,0.15203,-0.020041,-0.063096,-0.27657,0.024867,-0.13988
0.19948,0.035759,0.087163,0.074019,0.097493,-0.03149,-0.059027,-0.1021,-0.013605,-0.057377
0.20973,0.048768,0.031293,0.077164,-0.01051,0.079759,0.036279,-0.12209,0.016473,0.04753
0.12918,-0.047207,-0.045981,-0.018623,0.04154,0.10144,-0.012609,-0.072152,-0.006946,-0.11084
0.19891,0.014771,0.038268,0.07256,0.046114,-0.0011848,0.028424,-0.1835,0.027881,-0.062269
0.2829,0.081899,-0.051648,-0.01158,-0.047555,0.081106,-0.00039152,-0.18664,0.030737,0.018783
0.25293,0.127,0.036081,0.10154,0.037761,0.0057646,-0.12646,-0.12739,-0.029203,0.0019576
0.18806,-0.064811,-0.0084385,0.072766,0.02886,0.068172,-0.03733,-0.048973,0.058182,0.03936
0.20748,0.049995,-0.11465,0.086533,0.069085,0.018278,-0.072933,-0.10255,-0.069626,-0.051681
0.1515,0.12815,0.0053352,0.059769,-0.054089,0.074516,-0.037992,-0.15692,-0.033045,0.10699
0.21009,0.04901,0.13138,0.14316,0.21238,-0.14651,-0.13373,-0.1642,-0.014704,-0.18625
0.28377,0.074492,-0.026872,0.1354,0.031122,0.036946,-0.04753,-0.092105,-0.04195,-0.049124
0.26894,0.012594,0.034844,0.074474,0.086754,0.03047,-0.081562,-0.13719,-0.0093467,-0.039564
0.060335,-0.050366,0.018261,0.064098,-0.017858,0.039397,0.087086,-0.03795,0.018586,0.0085636
0.24794,0.0019905,0.043762,0.016624,0.049724,-0.006802,-0.068252,-0.11169,0.053184,-0.057172
0.3147,-0.010893,-0.06785,0.032504,0.023378,0.086609,-0.092064,-0.18039,0.027769,0.0055269
0.21642,-0.016229,-0.10457,0.032703,-0.0049451,0.10609,0.0099844,-0.15038,0.0096939,-0.013119
0.21457,0.15311,0.061322,0.088944,0.089956,-0.0074629,-0.12713,-0.14495,-0.085959,-0.057374
0.25754,-0.045943,0.052251,0.049039,0.10362,-0.015806,0.044838,-0.13412,-0.016456,-0.03155
0.26878,0.15727,-0.067981,0.024106,-0.019212,0.044851,-0.014756,-0.17631,0.020781,0.034808
0.24716,-0.11666,-0.053617,0.015005,-0.015769,0.15949,0.13436,-0.1477,-0.033942,-0.03215
0.22994,0.052783,0.073863,-0.0049973,0.075548,-0.013504,-0.038089,-0.14958,0.026939,-0.010309
0.21842,0.11948,0.033787,0.052553,0.085028,-0.00095728,-0.1156,-0.23183,0.025266,-0.064641
0.12329,-0.084789,0.021858,0.080672,0.10339,-0.040722,-0.03559,-0.12309,-0.022717,-0.10498
0.22858,-0.13839,-0.053684,0.012509,0.018915,0.089509,-0.018906,-0.087955,0.042104,-0.0084882
0.14057,-0.030289,-0.053276,0.037495,-0.022082,0.07698,0.016569,0.030859,-0.008015,-0.0068248
0.16486,0.027415,0.051256,0.06835,0.047955,-0.0021647,-0.080492,-0.19865,-0.0058435,0.010406
0.24469,0.10785,0.05147,0.082209,-0.018194,0.035299,-0.052863,-0.14295,-0.030705,0.045264
0.17909,-0.089093,-0.086262,0.068056,0.043256,0.075411,-0.024476,-0.092111,0.017309,-0.022597
0.3383,-0.076249,-0.060822,0.013792,-0.011379,0.14369,-0.0066275,-0.1774,0.032841,0.014949
0.019119,0.10291,-0.015936,0.11426,0.09345,-0.11615,-0.092399,-0.05795,-0.050328,-0.21143
0.24338,-0.041049,0.031942,0.086787,-0.016466,0.1128,-0.11123,-0.12968,0.02572,0.054777
0.23194,-0.013203,0.083547,0.026739,0.024963,0.074699,-0.091397,-0.15167,0.033693,-0.012811
0.29376,-0.026722,-0.065887,0.017701,0.052918,0.068088,-0.11954,-0.20282,0.033246,-0.064181
0.28738,-0.11264,0.051265,0.06939,0.084138,-0.022433,-0.046385,-0.038276,0.04478,-0.087381
0.26699,0.13027,-0.041791,0.10938,0.083759,-0.048694,-0.092147,-0.17731,-0.079591,-0.10162
0.15844,0.032992,0.086007,0.050644,0.13294,-0.042573,-0.071086,-0.099112,-0.0015122,-0.097368
0.28986,-0.017069,0.011427,0.022068,0.026582,0.089989,-0.061502,-0.098668,0.047173,0.013274
0.2014,0.019829,-0.013318,-0.054363,-0.068537,0.092836,0.0044552,-0.15987,0.075853,0.065031
0.2,-0.020496,0.10523,0.17825,0.1269,-0.090499,-0.1576,-0.12546,-0.024588,-0.088662
0.14932,0.050799,0.11035,0.067045,0.029891,-0.0018801,-0.093411,-0.086873,-0.0040579,0.0078398
0.2676,-0.0059085,-0.064447,-0.0487,0.05896,0.018034,-0.071429,-0.064331,0.070527,-0.088534
0.24051,-0.029183,-0.015596,0.040419,0.078142,0.016722,0.057284,-0.12662,-0.0037559,-0.089984
0.32161,0.19633,0.087942,-0.041586,-0.10248,0.098429,-0.049564,-0.22892,0.11423,0.16845
0.26297,0.030501,0.085916,0.084255,0.02087,0.027436,0.014291,-0.23753,0.082534,0.045929
0.20012,-0.087358,-0.0011203,-0.0056631,0.064315,-0.0081044,-0.086397,-0.02448,0.041435,-0.069889
0.24265,-0.010598,0.034848,0.084326,0.13344,-0.03159,-0.16595,-0.080545,-0.024602,-0.11555
0.21935,-0.036448,-0.14436,-0.045849,0.0076417,0.11827,0.028894,-0.13554,0.02633,0.027318
0.28845,0.10677,0.085584,0.036212,-0.029352,0.071299,-0.023301,-0.17792,0.10239,0.09259
0.28602,0.14423,-0.18103,-0.10625,-0.14279,0.14236,0.026245,-0.15301,0.068368,0.18609
0.2557,0.086604,-0.11054,0.032797,0.029276,0.030454,-0.080049,-0.1821,0.035738,-0.051712
0.27379,-0.065223,-0.096118,-0.028571,-0.001381,0.13328,0.12811,-0.15827,0.023291,0.0094156
0.33991,-0.027105,-0.056003,0.035762,-0.02576,0.20746,-0.018588,-0.17495,0.077902,0.11548
0.30431,0.13835,0.0061845,0.030278,0.0084649,0.073514,0.017755,-0.24348,0.1557,0.040316
0.19648,-0.0061476,0.022807,-0.011261,-0.037299,0.062346,-0.025381,-0.15556,0.0020615,-0.0088217
0.19387,0.12099,0.057551,0.09928,-0.0057781,0.062807,-0.055201,-0.18876,-0.0024806,-0.012371
0.3459,0.15617,-0.089466,0.10918,0.023327,0.087275,-0.0063579,-0.16943,0.054889,-0.050729
0.30287,0.11488,-0.051783,-0.057644,-0.096305,0.1557,0.084135,-0.21427,0.16224,0.10796
0.17434,0.085825,0.010546,0.087893,0.046653,-0.029114,0.020769,-0.12708,0.031973,0.011807
0.15215,0.039314,0.031362,0.0037355,0.01397,-0.017057,-0.039753,-0.057851,0.0093304,-0.028764
0.27187,-0.083401,-0.11878,-0.028942,0.033435,0.10343,0.01326,-0.10912,0.074785,-0.01876
0.26366,-0.030131,0.088377,-0.03174,-0.082153,0.083738,0.0028913,-0.14049,0.10762,0.041148
0.26727,0.11112,0.041855,0.1139,-0.042193,0.12419,0.019218,-0.10715,0.063331,0.031576
0.21527,0.015321,-0.011884,0.11668,0.069326,0.039594,-0.066136,-0.17756,-0.0031221,0.0039648
0.15524,-0.0052183,0.055391,0.21457,0.20096,-0.13167,-0.12376,-0.043767,-0.0093564,-0.13905
0.18447,-0.02354,0.03841,0.072449,0.041531,-0.022644,-0.026175,-0.15882,0.0035836,-0.061662
0.20076,0.24817,-0.02647,0.10449,0.065911,-0.10237,-0.079305,-0.20003,-0.097533,-0.066344
0.21317,-0.0064443,-0.05127,0.0020409,-0.017603,0.077241,-0.044215,-0.057788,-0.032114,-0.020959
0.23201,-0.020634,-0.0089003,0.015382,0.026137,0.03513,-0.078199,-0.14911,0.035983,-0.00048634
0.31578,-0.11181,-0.0080295,0.045491,0.046193,0.052836,-0.066926,-0.1697,0.1078,-0.007684
0.22694,0.0026022,0.063766,0.11395,-0.018669,0.067094,-0.14042,-0.15086,-0.016036,0.042258
0.27891,0.062775,0.046348,0.015285,0.01044,0.039172,-0.075697,-0.17118,-0.0037802,0.024115
0.22881,-0.012117,0.10411,0.10355,0.085249,-0.017369,-0.090879,-0.1577,0.097226,-0.098258
0.21156,0.17739,-0.039496,0.055378,-0.036877,0.073704,-0.032481,-0.13823,0.046452,0.0091487
0.039354,0.16082,0.14497,0.11131,0.060105,-0.11258,-0.052751,-0.02579,-0.047588,-0.024631
0.23397,-0.045615,-0.050594,0.036345,-0.0049526,0.098427,-0.037592,-0.21227,0.03719,-0.026613
0.18646,0.061121,-0.046776,-0.040191,0.010547,0.058964,-0.052019,-0.12915,0.001006,-0.029287
0.21721,-0.021269,-0.020749,-0.01083,-0.011006,0.026714,-0.027022,-0.025657,0.024462,-0.058985
0.21729,0.15081,-0.06188,-0.078,-0.1164,0.082603,0.067339,-0.14846,0.090459,0.10559
0.15862,0.0019101,-0.12289,-0.0082208,0.025427,0.092832,0.030338,-0.062913,0.057099,-0.034393
0.23977,0.066309,0.15404,0.059313,-0.050591,0.11521,-0.015716,-0.20286,0.084551,0.041817
0.2443,-0.046034,-0.091677,0.018258,0.060629,0.025112,-0.092663,-0.13195,-0.043797,-0.0702
0.3233,0.16365,0.09493,0.10848,0.058714,-0.033864,-0.043576,-0.17166,0.018599,-0.028207
0.26896,-0.12647,-0.058168,-0.024283,0.066484,0.053343,0.10658,-0.064595,0.074655,-0.030094
0.19557,0.14982,-0.00065818,0.039779,0.021092,0.021945,-0.14549,-0.19307,0.072605,-0.020985
0.24481,0.090566,0.043657,0.038537,0.06895,-0.049454,-0.097125,-0.12803,-0.059872,-0.028267
0.30792,0.02789,0.05232,0.027626,-0.037211,0.089953,0.016435,-0.18412,0.024645,0.054791
0.22044,0.01556,-0.056035,0.12687,0.011088,0.05483,0.022376,-0.21782,0.029283,0.0022386
0.19796,-0.035548,0.064687,0.0065556,-0.014492,0.043955,0.053043,-0.11313,0.060122,0.030044
0.16233,-0.073526,0.027723,0.02205,-0.025674,0.043809,0.02131,-0.091388,0.011394,0.080818
0.19211,0.032756,0.032443,-0.017172,0.067358,-0.022902,-0.070076,-0.08219,-0.013753,-0.019896
0.24703,0.17392,0.016115,0.015851,-0.028546,0.082242,-0.0040771,-0.19143,0.088384,0.023301
0.22883,-0.077351,0.093474,0.019029,-0.018191,0.0983,-0.01518,-0.061047,0.16322,0.1329
0.19485,0.0042031,0.069529,0.0092952,0.08882,-0.033107,-0.0095673,-0.097017,0.0031555,-0.036254
0.31379,0.008154,0.10081,0.086778,0.073175,0.038788,-0.13334,-0.13794,-0.040202,0.023288
0.32913,-0.063197,-0.00060593,0.1046,0.063505,0.069306,0.052718,-0.079349,-0.049626,-0.015249
0.23638,0.036208,0.036331,0.042145,0.021106,0.039362,-0.10931,-0.14273,-0.0054325,-0.09478
0.26402,0.11798,0.047243,0.082413,0.097611,-0.024297,-0.020677,-0.17297,-0.040793,-0.041509
0.23542,0.093491,0.15142,0.15154,0.018485,-0.0087223,-0.16969,-0.12221,0.0091722,-0.032221
0.19489,0.040751,0.045863,-0.0043923,0.041657,-0.0096289,-0.046488,-0.058151,-0.010846,-0.039468
0.30324,-0.085984,0.030261,0.1148,0.069708,0.024401,-0.14014,-0.14547,0.059736,-0.027986
0.16634,0.063273,0.10894,0.0079285,-0.05714,0.0057001,0.0067262,-0.10512,0.10804,0.027863
0.26774,-0.0028699,0.011525,-0.073512,-0.046077,0.12116,0.11968,-0.15927,0.091517,0.015869
0.23852,-0.016749,0.030211,0.053262,0.047907,0.066716,-0.042377,-0.21339,0.065021,-0.031063
0.21844,-0.043678,-0.052217,-0.0047473,-0.019069,0.085121,-0.13164,-0.061939,-0.045626,0.028848
0.23553,-0.0054869,-0.073905,0.12706,0.088067,0.056433,0.0063772,-0.036122,0.055873,0.0017262
0.18181,-0.048057,0.063958,0.024278,0.037785,0.0050826,0.04041,-0.024848,-0.0041975,-0.012027
0.12152,-0.11235,0.0076629,0.074738,0.053253,-0.042336,-0.0057897,-0.040555,-0.067056,-0.066347
0.30293,-0.00089471,0.0036467,0.048243,0.084655,0.044638,-0.099158,-0.14753,0.11596,0.030672
0.21772,0.098344,-0.0019671,0.12572,-0.03481,0.062105,0.0090256,-0.23116,0.033854,-0.015845
0.34568,0.010708,-0.11436,-0.054248,0.017347,0.11509,-0.059029,-0.23854,0.11388,0.042734
0.13989,0.018994,0.04294,0.032264,0.025372,-0.01113,0.0048829,-0.095761,0.008838,0.04595
0.20534,0.092941,-0.012619,0.012201,0.003681,0.026474,-0.037831,-0.066372,-0.073112,0.069012
0.16702,0.077552,-0.025915,-0.089316,-0.063726,0.092103,0.064823,-0.13021,0.029085,0.093606
0.24333,0.00718,0.023888,0.19686,0.12609,-0.043176,-0.16275,-0.1492,-0.038219,-0.064467
0.23114,0.040594,0.025623,0.094389,-0.059642,0.099217,-0.087693,-0.06947,0.060668,0.085637
0.17874,-0.10987,-0.0024039,0.031293,-0.005621,0.10511,-0.010545,-0.11753,0.038366,-0.014313
0.19526,-0.048985,0.10979,0.144,0.036616,0.075746,-0.026616,-0.12139,0.014805,0.028431
0.24638,0.094088,-0.0098799,-0.058496,-0.028471,0.052911,0.021814,-0.16439,0.072519,0.081831
0.25642,0.043767,0.013561,0.062071,0.086372,-0.0017691,-0.027387,-0.1922,0.057405,-0.0032534
0.31846,-0.047344,0.066965,0.033474,0.026459,0.047319,-0.041028,-0.18472,0.13167,0.0094197
0.24613,-0.016473,-0.061162,-0.0078256,-0.061596,0.15677,-0.018876,-0.1656,0.068455,0.041595
0.31817,-0.1324,-0.095889,0.007804,0.030527,0.060767,-0.024496,-0.13183,0.002157,-0.016433
0.27864,-0.012786,0.022693,0.13324,0.096051,-0.023163,-0.078071,-0.1745,0.062118,-0.01804
0.29578,0.13871,-0.0024285,-0.038667,-0.050975,0.083846,-0.06196,-0.19224,0.08015,0.055822
0.21335,0.088153,0.078875,0.13939,-0.0090588,0.024753,0.010955,-0.20048,0.0062541,0.036366
0.25813,-0.02115,0.015098,0.032201,-0.0306,0.080486,-0.06408,-0.091298,0.06841,0.10792
0.096298,-0.013154,0.076307,0.071617,0.045554,-0.054596,-0.045643,-0.068427,-0.099488,-0.063593
0.25411,0.034473,-0.034892,0.091191,0.10043,-0.044999,-0.15328,-0.0055654,-0.02563,-0.08302
0.11933,-0.0026058,-0.079507,0.0027875,-0.03018,0.081499,-0.073795,-0.048999,0.061039,0.067244
0.12242,0.059339,-0.023341,0.027034,0.091239,-0.06303,-0.071811,-0.061168,-0.021903,-0.058345
0.13018,0.089553,0.19868,0.039664,0.070723,-0.046117,-0.098297,-0.094665,-0.03817,-0.10012
0.13395,0.17283,0.0029947,0.019836,-0.085652,0.055553,0.10557,-0.097653,0.045025,0.052207
0.12941,0.040985,-0.028965,0.059867,0.055322,-0.0038038,-0.030452,-0.1337,-0.033314,-0.035452
0.1437,0.081144,0.086269,0.030731,-0.0059751,0.011243,0.043802,-0.077213,-0.049958,0.0041199
0.19898,0.031783,-0.0063903,-0.016915,-0.051947,0.087859,-0.060021,-0.023244,-0.0058481,0.030926
0.059191,-0.13923,-0.01854,0.041707,0.02792,0.044013,-0.092685,-0.079801,-0.097101,-0.077775
0.23292,0.12479,-0.069351,-0.010054,0.049653,0.018239,-0.00099576,-0.12663,0.048171,-0.10919
0.11955,-0.01806,0.035386,0.034587,-0.05454,0.13522,0.027817,-0.068387,0.013705,0.089496
0.17583,-0.051068,0.020904,-0.041226,0.081353,0.012435,0.031118,-0.062973,0.041119,-0.057744
0.14147,-0.043649,0.076666,-0.033029,0.0372,-0.058935,-0.013549,-0.035766,0.054648,0.037411
0.14832,0.028341,-0.037738,0.032409,0.036119,0.063318,-0.010517,-0.12477,-0.058554,-0.06206
0.10283,0.04945,0.013512,0.12444,0.16497,-0.12575,-0.08522,-0.12666,-0.032007,-0.057737
0.24085,0.030791,-0.052883,-0.026343,-0.045722,0.12635,0.014158,-0.13929,0.071207,-0.012807
0.17124,0.09554,0.03783,0.013932,-0.041245,0.076472,0.02615,-0.17891,0.052403,0.098668
0.21337,0.10388,0.011965,-0.053706,-0.042019,0.086689,-0.022616,-0.17583,0.022209,-0.002232
0.18706,-0.016625,0.067809,0.013494,0.060141,0.050223,-0.098848,-0.15983,0.022549,0.013313
0.19147,0.066769,-0.036069,-0.025819,-0.088443,0.1213,0.025288,-0.15929,-0.018622,0.068877
0.22461,0.12061,-0.022814,0.050581,0.0080287,0.063295,-0.08223,-0.13604,-0.024199,0.046684
0.1684,0.1729,0.047879,-0.056593,-0.0073145,-0.012036,-0.095077,-0.10499,0.02686,0.0074391
0.20986,-0.02597,0.087298,0.052637,0.038778,-0.014843,-0.030416,-0.15504,0.12467,0.026113
0.26442,-0.0048633,-0.078349,-0.010343,-0.039899,0.13236,-0.031796,-0.21921,-0.027039,0.052117
0.24484,0.09076,0.022592,-0.024503,-0.071796,0.1197,0.015094,-0.22963,0.070331,0.055432
0.23965,0.012519,-0.0033626,0.15265,0.16329,-0.086352,-0.063933,-0.040379,-0.078589,-0.14235
0.24321,-0.014441,0.051262,0.1633,0.14805,-0.040798,-0.16589,-0.14205,-0.023411,-0.041482
0.37144,-0.078706,0.10126,0.13242,0.21684,-0.05666,-0.12898,-0.094706,-0.029364,-0.10382
0.22953,-0.026129,-0.032937,-0.0079557,0.011401,0.07766,-0.094623,-0.12209,0.042551,-0.02299
0.29817,0.041518,0.020365,-0.0007019,-0.0083991,0.073353,0.017522,-0.19011,0.10672,-0.07151
0.23265,-0.07957,0.13927,0.069673,-0.021307,0.080557,0.038434,-0.1051,0.083388,0.086457
0.19848,0.082081,0.00063426,0.043319,-0.010217,0.046907,-0.06696,-0.21786,-0.0012196,0.082349
0.19939,0.0019903,0.04323,0.16715,0.022398,0.025261,-0.087482,-0.10333,-0.055952,-0.030857
0.27816,-0.11586,-0.039526,0.024279,-0.023653,0.074521,0.010319,-0.1029,-0.044101,0.0078025
0.1691,-0.030642,0.096264,0.033268,0.040432,0.029571,-0.053341,-0.068343,-0.027307,-0.035265
0.30245,0.0063267,0.080642,0.073468,0.07287,0.024226,-0.0468,-0.17421,0.024447,0.029617
0.19199,-0.020839,-0.012769,-0.04219,-0.020091,0.045774,0.0010084,-0.12056,-0.025438,0.10472
0.16164,0.019985,0.0062233,-0.036989,-0.043894,0.08617,0.0044342,-0.04605,0.061826,0.069078
0.18589,-0.015321,0.019026,-0.044552,-0.11247,0.12834,-0.0088177,-0.10175,-0.0030947,0.12653
0.34048,0.1151,0.098744,0.10386,-0.00072337,0.056116,-0.064389,-0.2473,0.037916,-0.043666
0.25417,0.10381,0.048237,0.048407,0.11049,-0.063101,-0.13025,-0.18913,-0.070917,0.011274
0.23149,0.10671,0.0024164,0.026987,-0.11787,0.1338,0.05123,-0.14036,0.018399,0.090331
0.22101,0.043042,0.10855,0.1147,0.14482,-0.030045,-0.054143,-0.11951,-0.013406,-0.13888
0.18023,-0.027605,-0.10725,0.0046856,0.067316,-0.0015422,-0.069472,-0.052948,-0.019918,-0.047134
0.21331,0.023864,0.04969,0.0096478,-0.028164,0.078569,0.0080804,-0.17706,0.10823,-0.0023978
0.35668,-0.0085766,0.036182,0.045517,0.086988,0.047296,0.03749,-0.12958,0.0024893,-0.07296
0.32116,-0.033408,0.10666,0.084201,-0.0054699,0.081418,-0.047029,-0.10932,0.034044,0.011134
0.2312,-0.0061302,0.073753,-0.00081536,-0.023338,0.0085789,0.047621,-0.1453,0.17054,-0.023843
0.26851,0.046457,0.098794,0.042203,0.045244,0.015429,0.0074322,-0.065441,0.029957,-0.016146
0.26,0.10886,0.16757,0.083868,0.089771,-0.037017,-0.097166,-0.16161,-0.0062878,-0.058678
0.16959,0.061824,-0.06026,-0.020368,-0.013835,0.12976,-0.060151,-0.12422,0.041167,0.074232
0.091982,0.0089714,-0.10197,0.087804,-0.01195,0.090276,-0.053362,-0.033649,-0.079699,0.024078
0.11325,-0.015987,0.0031787,0.10584,0.13796,-0.12873,-0.064128,-0.016665,-0.067981,-0.10418
0.24156,0.0078434,-0.021642,0.016552,0.015247,0.060898,0.013675,-0.14587,0.074844,0.03972
0.12807,0.030145,0.015257,0.12808,0.1261,-0.098838,-0.10879,-0.040527,-0.089716,-0.085358
0.23463,-0.075588,-0.050018,0.10081,0.037543,0.027357,-0.0010324,-0.15265,0.055842,-0.043565
0.082685,0.079635,0.0039744,0.00079421,-0.017217,0.062065,0.056465,0.0038424,0.054857,-0.01018
0.26149,0.002557,-0.042053,0.10108,0.012084,0.086572,-0.0078297,-0.061191,0.015475,0.00088735
0.24958,0.049788,0.024705,-0.054873,-0.006907,0.12705,-0.042016,-0.11925,-0.069834,0.032391
0.16932,0.064936,0.072705,0.092103,0.099752,-0.09135,-0.18886,-0.079371,-0.09646,-0.01455
0.1894,-0.023079,0.0020328,0.079762,0.08258,-0.024528,-0.022912,-0.05868,0.011895,-0.075248
0.26899,-0.053104,0.038031,0.0742,0.073234,0.029157,-0.01411,-0.10611,0.077224,-0.030191
0.13635,0.082433,-0.0070684,0.046607,-0.00032379,0.0048303,-0.082637,-0.14619,-0.036644,0.023304
0.11314,-0.094217,0.03654,-0.10123,-0.052254,0.088436,0.090244,-0.080016,0.14593,0.012663
0.031226,-0.019675,0.038004,0.17936,0.25095,-0.2047,-0.14156,-0.10095,-0.018066,-0.24988
0.16444,0.044852,0.012326,0.088867,0.050906,-0.064135,-0.056752,-0.05798,0.032232,-0.056789
0.21051,0.10521,0.018367,0.075906,0.068736,0.043961,-0.025481,-0.2182,0.040495,-0.015577
0.11089,0.01262,-0.030133,0.0084433,0.012523,-0.040774,0.055839,-0.069953,-0.016712,-0.027708
0.23957,-0.078329,-0.0016131,0.03841,0.040327,0.073032,0.023009,-0.11989,-0.018534,-0.01222
0.22782,-0.13537,0.069691,0.098456,0.0362,0.037056,-0.08171,-0.14658,0.067703,-0.0061255
0.059375,0.067689,0.10116,0.079683,0.091016,-0.15724,-0.091439,-0.045133,-0.11057,-0.036232
0.35861,0.02407,0.13291,0.031832,-0.036593,0.15243,-0.039644,-0.18854,0.066516,0.023247
0.16201,0.089263,-0.044988,0.045647,0.03229,0.033384,-0.09739,-0.16429,-0.091599,-0.022064
0.29919,-0.00043451,0.0078775,-0.024486,-0.093204,0.25985,0.088138,-0.2031,0.10114,0.20395
0.24473,-0.035933,-0.0087896,0.12821,0.09265,0.0026971,-0.079106,-0.095895,-0.060491,-0.058798
0.21456,0.018661,-0.066621,0.054416,0.053811,0.046583,0.067508,-0.04504,0.098957,-0.055345
0.06859,-0.050274,0.0062681,0.014853,0.0012159,0.036947,-0.013609,-0.12662,0.013904,-0.028701
0.19932,0.044971,0.026603,0.0093715,-0.06658,0.13513,-0.0062035,-0.15693,0.15704,0.10728
0.22091,0.00046136,0.0042005,0.0070338,-0.028985,0.10516,-0.082572,-0.13501,0.035134,-0.021062
0.25294,-0.043109,-0.040238,0.12888,0.021006,0.041707,-0.12093,-0.048531,0.032543,0.032092
0.20758,0.06305,-0.027517,0.0024684,0.025765,0.010417,0.0021045,-0.17753,0.013016,0.023844
0.15025,0.22434,-0.00015465,-0.010355,-0.08901,0.09042,0.065058,-0.21723,0.14126,0.090951
0.28322,-0.085911,-0.11091,-0.0040612,-0.074249,0.18339,0.044725,-0.062956,0.094246,-0.015068
0.20059,-0.023255,0.058081,0.051629,0.0072734,0.069059,0.0095175,-0.084204,0.058929,-0.042177
0.10909,-0.04188,0.097929,-0.018357,-0.015234,0.062723,-0.046559,-0.02014,0.038426,0.090186
0.16316,0.021663,-0.13192,0.040555,0.06483,0.00027231,-0.074184,-0.032142,-0.084954,-0.068054
0.26947,0.00096467,-0.11923,0.042271,-0.0070867,0.10597,-0.053922,-0.17326,0.010147,-0.027588
0.15712,-0.13246,-0.016596,0.047615,0.020878,0.13159,-0.057711,-0.067113,0.0016119,7.3587e-06
0.25194,0.011006,0.033247,-0.021256,0.015959,0.00013868,-0.048811,-0.13959,0.074024,0.046341
0.19152,0.057587,0.020057,0.063175,0.068374,-0.042059,-0.063603,-0.10601,-0.036996,-0.048124
0.19005,-0.031069,0.022932,0.08406,0.088431,-0.018625,-0.059589,-0.03828,-0.033532,0.01393
0.29175,-0.046997,-0.045686,-0.012541,0.09189,0.0083751,-0.045512,-0.14569,-0.070117,-0.028955
0.34221,-0.08,-0.056322,-0.074105,-0.056422,0.24174,-0.019179,-0.19076,0.10473,0.052986
0.26902,-0.097706,0.027942,0.086197,0.02021,0.097891,-0.017565,-0.19191,0.085389,-0.046246
0.26971,-0.040965,-0.0059969,0.034366,0.069339,0.088536,-0.06297,-0.12702,0.12702,-0.014201
0.3434,0.046085,-0.049541,-0.040466,-0.054938,0.17449,-0.039326,-0.20285,0.10824,0.099961
0.22105,0.090318,-0.019083,-0.0060424,-0.070881,0.10686,-0.026751,-0.18835,0.10258,0.10902
0.26567,-0.036941,0.070338,0.11637,0.14784,0.01685,-0.023556,-0.10723,0.025639,-0.075045
0.21083,0.030082,0.033818,0.028521,0.041981,-0.014868,-0.11381,-0.11912,0.011652,-0.010664
0.25676,0.1082,0.046286,0.095805,-0.037238,0.065249,-0.048884,-0.15694,0.028881,0.029893
0.15131,0.12268,0.10591,0.029831,0.040889,-0.0864,-0.07314,-0.17827,-0.027203,0.023677
0.2314,-0.10737,0.0183,0.095168,-0.0055278,0.10341,-0.048899,-0.22926,0.084596,0.00034384
0.29687,-0.065083,0.013396,0.10507,0.06642,0.064171,-0.051937,-0.13864,0.10676,0.0082813
0.21721,0.024773,0.15397,0.060101,0.015206,0.028832,0.0021486,-0.10037,0.11036,-0.025601
0.13755,0.071872,-0.011963,0.092789,0.067317,-0.070447,0.023353,-0.087004,-0.045965,-0.077117
0.25162,0.019944,0.06376,0.041528,-0.012239,0.044867,-0.090146,-0.14436,0.083774,0.023681
0.21349,-0.061653,-0.20978,0.014552,0.0041785,0.049415,-0.07731,-0.18134,-0.029433,0.078355
0.23295,-0.003487,0.00061061,-0.017857,0.0086303,0.082593,0.030552,-0.15266,-0.047832,-0.034872
0.27412,-0.086226,0.0058395,-0.051547,-0.0087104,0.090734,-0.12883,-0.13167,0.019292,0.032812
0.14659,0.12388,0.0057648,0.0080251,0.13437,-0.08787,-0.093488,-0.053188,-0.22156,-0.078841
0.20576,-0.12994,0.1058,0.16808,0.062964,0.010703,-0.001976,-0.063627,0.06952,-0.029796
0.30197,0.049986,0.022755,0.014855,-0.041872,0.078191,-0.045096,-0.11715,0.10143,0.024584
0.22689,0.051562,0.027885,0.058746,-0.0018245,0.10201,-0.02072,-0.13984,0.10834,0.035436
0.14604,-0.049068,-0.060391,0.038905,0.052539,0.03044,-0.093392,-0.043225,0.015848,-0.00085131
0.19895,0.011908,0.028137,0.081395,0.077235,-0.056436,-0.00024299,-0.060599,-0.057035,-0.11278
0.22711,0.064289,-0.015335,0.072374,-0.021977,0.060615,-0.088379,-0.10483,-0.043342,0.017089
0.26891,-0.076784,0.09926,0.070835,0.079657,0.025986,-0.065454,-0.052477,0.040615,-0.072544
0.26324,-0.029507,0.1341,0.066944,0.12761,-0.033915,-0.0041007,-0.13971,0.023527,-0.10987
0.23539,0.077506,-0.017516,-0.016372,0.013126,-0.033613,0.037766,-0.11005,0.035757,-0.062551
0.10129,0.0048956,-0.027189,0.073259,0.11377,-0.082877,0.031185,-0.039691,0.070667,-0.08876
0.27751,0.020774,0.021532,0.093235,0.054302,0.055674,-0.040959,-0.13849,0.055863,-0.020532
0.19599,-0.015762,0.084263,0.072698,-0.0068511,0.066021,-0.048397,-0.1454,0.089093,-0.035258
0.26437,-0.067104,-0.035821,0.010404,-0.043483,0.14381,-0.028791,-0.12736,0.039939,0.014752
0.24129,0.096133,-0.018083,0.06682,0.017269,0.071948,0.0485,-0.067252,0.0062995,-0.0015029
0.29884,0.12669,0.019922,0.14178,0.039256,-0.012595,-0.038947,-0.21792,-0.0032305,-0.074779
0.31139,0.17688,-0.0015666,-0.0063124,-0.063925,0.090325,0.017362,-0.27148,0.024699,0.0082136
0.10984,0.0015913,-0.073538,-0.053771,-0.01019,0.036156,0.050526,-0.081638,0.10735,0.029369
0.023788,-0.017527,-0.025327,-0.0030472,-0.051133,-0.038226,0.045742,-0.027334,-0.070338,-0.024592
0.25389,0.16623,-0.05286,-0.039909,-0.049257,0.073252,-0.014004,-0.22521,0.050493,0.060867
0.21539,-0.090259,0.0037496,0.028704,-0.068726,0.18836,0.014175,-0.067206,0.13818,0.031762
0.24733,0.044805,-0.07348,0.049334,0.016076,0.094583,-0.0026811,-0.091674,0.02474,0.00089561
0.20058,-0.071277,0.05107,0.075309,-0.026333,0.069365,-0.062226,-0.086317,0.13292,0.024045
0.35422,0.20157,0.074221,0.027396,0.084686,-0.022701,-0.027188,-0.21147,-0.0074716,-0.061445
0.22533,0.09192,-0.027194,0.065476,0.039251,0.069327,-0.0054774,-0.069745,-0.070276,0.060975
0.26236,-0.0072622,0.14381,0.10406,0.081071,-0.02519,-0.15781,-0.15096,-0.017244,-0.068803
0.29579,0.092958,0.064745,0.02441,0.025176,0.014387,-0.20946,-0.17363,0.0040007,0.0061744
0.23123,0.0033895,0.091388,0.07414,0.088809,-0.015294,-0.10057,-0.11695,-0.061265,-0.034115
-0.011339,-0.0013662,0.063171,0.09807,0.18038,-0.1037,-0.15484,-0.018326,-0.08833,-0.10948
0.16658,0.01398,-0.043821,0.031311,0.06407,0.017713,-0.051997,-0.10002,0.033604,-0.11055
0.24401,0.025543,-0.0021702,0.021505,0.056768,0.048155,0.025388,-0.15956,-0.0077394,-0.038488
0.25107,-0.064157,-0.059153,0.071845,0.045071,0.072812,0.0068658,-0.0039301,0.042344,-0.012015
0.30742,0.051545,0.0099774,0.089098,0.018538,0.015649,-0.020725,-0.19337,0.089148,-0.054437
0.26224,-0.019641,-0.053802,-0.013748,0.033472,0.043574,-0.06689,-0.17919,0.11869,-0.0072734
0.17394,0.17725,-0.060557,0.042452,0.037317,-0.014224,0.0141,-0.16531,0.076351,-0.0041604
0.25,-0.044594,0.046529,0.033378,0.013499,0.049649,-0.036989,-0.1246,0.063058,-0.04023
0.23069,0.052212,0.084201,0.018218,-0.011393,0.10222,0.023606,-0.21887,0.107,0.06618
0.23258,-0.065895,0.017336,0.019872,0.06629,0.037708,0.025572,-0.051649,0.10937,-0.088873
0.22085,0.013406,0.03329,0.074548,-0.062866,0.14825,-0.042359,-0.15943,0.037313,0.10129
0.16632,-0.087252,0.019602,-0.071766,0.040236,0.005946,-0.099226,-0.10877,0.083404,-0.033205
0.22563,0.083941,-0.016407,0.077984,-0.006904,0.017865,-0.143,-0.070836,-0.028352,0.0038888
0.28626,0.04011,-0.020995,0.032277,-0.018486,0.070175,-0.04043,-0.049641,-0.098709,-0.0099541
0.26278,0.15936,0.17218,0.050684,0.072345,-0.076677,-0.1524,-0.12944,0.030637,0.015824
0.29231,-0.037851,0.091045,0.15266,0.05448,0.044434,-0.11854,-0.20331,0.03157,-0.13385
0.15786,0.052491,0.023067,0.083316,0.096989,-0.027518,-0.09075,-0.11702,-0.111,-0.085346
0.26439,0.10471,-0.016937,0.012006,0.069187,-0.045268,0.048027,-0.060008,-0.0762,-0.0044986
0.29375,0.10498,-0.063852,0.012805,-0.041131,0.095031,0.0086548,-0.14118,-0.0029674,0.06841
0.31007,0.0043562,-0.11128,0.01302,0.041277,0.02835,-0.0073949,-0.14391,-0.026841,0.0079616
0.16483,-0.028798,0.042079,0.073809,0.016993,0.0029282,-0.062259,-0.06488,-0.0028091,-0.0090807
0.25716,0.13537,0.080426,0.13474,0.080281,-0.0017278,-0.11832,-0.15821,0.0066616,0.02647
0.24431,-0.018837,-0.050616,0.09882,-0.0046036,0.046382,-0.099098,-0.13358,-0.0014377,-0.0011464
0.19904,0.0060099,0.014753,0.006251,0.076446,-0.0075942,0.027941,-0.14803,0.018499,-0.035081
0.23624,0.10566,-0.010957,0.17272,0.012863,0.047986,-0.15216,-0.20979,0.059677,-0.012827
0.2274,-0.068305,0.021706,-0.0048626,-0.045569,0.092399,0.01214,-0.10408,0.07804,0.02419
0.18169,0.035409,-0.038066,-0.0041787,0.041551,-0.028369,-0.03706,-0.13312,0.020648,0.0069535
0.23481,-0.066639,0.035377,-0.016972,0.012591,0.032727,0.019146,-0.10341,0.079008,0.0097061
0.29824,-0.13447,0.012438,0.0096029,0.060075,0.065831,0.0032574,-0.15285,0.11242,-0.027488
0.22426,-0.018734,-0.028754,0.0085384,-0.0075898,0.024475,-0.064505,-0.084968,-0.058006,0.045604
0.19068,0.0017389,0.022196,0.019179,0.0013115,0.13104,-0.074097,-0.073889,0.057511,-0.0057296
0.25454,-0.052301,0.0041908,0.060614,0.056439,0.079066,-0.1461,-0.099699,0.024661,0.037157
0.18553,0.077205,0.011802,0.1202,0.2018,-0.15581,-0.11554,-0.099478,-0.17683,-0.12677
0.1835,-0.03147,-0.021608,0.017676,0.024671,0.035932,-0.097907,0.014028,-0.00051093,0.077615
0.22216,0.13882,0.077573,0.050419,0.01831,0.015865,0.01511,-0.084626,-0.010959,-0.035571
0.30558,0.010841,0.069598,0.1501,0.086815,-0.017169,-0.12879,-0.15169,0.027718,-0.028925
0.18514,-0.082502,0.011965,-0.039757,0.00053272,0.11211,-0.091322,-0.082277,0.042183,-0.022347
0.19193,-0.086627,0.074496,0.093562,0.076145,-0.0515,-0.075388,-0.13774,0.087433,-0.06203
0.26384,-0.14375,-0.043118,0.0063587,-0.01475,0.15563,0.020088,-0.10001,0.10551,0.0026886
0.24077,0.066716,-0.03767,0.0083268,-0.029642,0.1075,-0.011446,-0.13591,-0.01839,0.017308
0.27732,0.015835,0.017894,0.12865,0.11662,-0.0744,-0.13616,-0.12145,-0.069879,-0.073937
0.17583,0.12662,0.003703,0.062791,0.0060936,0.063111,0.0034521,-0.10735,-0.029864,-0.050838
0.1221,0.021768,-0.093293,0.044965,-0.09861,0.12277,-0.041067,-0.040898,-0.078453,0.080427
0.23983,-0.005201,0.051288,-0.034712,-0.0042777,0.14867,0.089311,-0.13686,0.085433,0.079375
0.22558,-0.028747,0.1698,0.11381,0.10068,-0.058946,-0.069578,-0.14292,0.061485,-0.025434
0.21703,0.053802,0.048467,-0.024137,0.032332,0.00957,-0.13607,-0.14997,-0.028327,-0.0041833
0.33094,0.12471,0.075049,0.028532,-0.072056,0.12131,0.12524,-0.18218,0.12151,0.12227
0.14185,-0.040749,0.080791,0.069395,0.1032,-0.054837,-0.0070214,-0.071383,0.0061986,-0.079185
0.18585,-0.1141,-0.0067586,-0.019954,-0.0075167,0.13779,0.051961,-0.12119,0.086187,0.049247
0.27611,-0.054098,-0.0036941,0.09998,0.10352,0.019925,-0.21081,-0.20822,0.038888,-0.027736
0.2404,-0.084094,0.056537,-0.02703,0.059475,0.07807,-0.021847,-0.14551,0.02745,0.038124
0.25066,-0.081038,-0.0097131,-0.037306,-0.017469,0.09567,-0.016407,-0.14323,0.043228,-0.016282
0.10321,-0.15995,0.13314,0.024898,0.048666,0.02029,-0.03164,0.033653,0.079022,0.053618
0.12592,0.049143,0.094939,0.014915,0.020267,-0.074004,-0.11607,-0.022314,-0.12155,0.039032
0.13576,-0.014186,0.16039,0.038874,0.12132,-0.12348,0.053311,-0.018312,-0.15977,-0.053288
0.31032,0.080517,-0.16654,0.092122,0.063271,0.049622,-0.060044,-0.18356,-0.022911,-0.040879
0.30635,0.061022,0.080645,0.033991,0.034752,0.057954,0.016698,-0.22254,0.13678,0.022109
0.23733,-0.033291,0.066443,-0.0031173,-0.0095407,0.018966,0.0079562,-0.12942,0.036948,0.030475
0.18118,-0.04549,0.058059,0.06563,-0.018065,0.022157,-0.13825,-0.14411,0.10598,0.026176
0.16041,0.044155,0.059067,0.10851,0.079339,-0.011262,-0.07287,-0.054143,0.014623,-0.070625
0.078933,-0.0055449,-0.069902,-0.073337,-0.13672,0.12971,0.01024,-0.08548,0.0058459,0.12137
0.10892,0.12892,0.080626,0.051776,0.035211,0.029231,-0.010345,-0.11674,-0.015317,0.069329
0.15014,-0.0076985,0.12079,0.10706,0.023471,0.014349,0.0045566,-0.074641,-0.010417,-0.0030581
0.24518,-0.038967,-0.034947,0.04815,-0.049103,0.17831,-0.087208,-0.10835,0.10716,0.075158
0.21935,0.046009,-0.0095718,0.15601,0.055628,-0.036877,-0.054643,-0.022406,0.042768,-0.067448
0.27842,0.036374,0.062596,-0.015665,-0.098554,0.11689,-0.0086007,-0.12092,0.13858,0.064135
0.21331,-0.079581,0.0037511,0.019211,0.098589,0.028142,-0.050939,-0.18718,0.016258,0.0032148
0.15765,0.10823,0.031534,-0.090586,-0.0064863,0.025151,-0.045255,-0.026491,-0.062544,0.021595
0.21971,-0.049349,0.0079484,-0.047919,-0.013793,0.11593,0.07065,-0.090875,0.056327,0.044463
0.16708,0.0070116,-0.02429,0.069586,0.0092854,0.037113,-0.01754,-0.1127,0.1128,0.017014
0.23084,0.18347,0.12439,0.070508,0.054411,-0.025552,0.0096868,-0.12696,-0.054686,-0.029443
0.25244,0.012581,-0.030262,0.1103,-0.0027421,0.12672,-0.052634,-0.10444,-0.036468,-0.01815
-0.073773,0.050208,-0.052895,-0.028134,0.040951,-0.069397,-0.069086,0.0052629,-0.1578,-0.069472
-0.012734,0.0023763,0.058946,0.050821,-0.013069,-0.018173,-0.07676,-0.00095068,0.023139,0.057892
0.19765,0.031805,-0.030922,0.10729,0.0099244,-0.019394,-0.096764,-0.1726,-0.11049,0.0093045
0.21095,-0.044903,0.07634,0.0189,0.068467,-0.028994,0.014534,-0.048724,0.061905,-0.067147
0.22109,0.025606,-0.079838,-0.01147,-0.034421,0.085463,-0.12006,-0.11851,0.014015,-0.0092238
0.13539,-0.051585,0.11697,0.017985,0.025613,-0.010842,-0.027343,-0.077908,0.014334,0.0026481
0.21336,0.028759,-0.021623,0.07111,0.027638,0.006081,-0.008997,-0.075296,-0.043333,-0.0028665
0.29115,0.18206,0.01889,0.0151,-0.063363,0.046995,-0.047456,-0.18487,0.018595,0.041784
0.18833,0.022383,0.090173,-0.023531,0.018997,-0.060153,0.028382,-0.14206,-0.0030795,0.023211
0.23035,0.006733,0.088737,-0.01485,-0.029661,0.1528,0.0036274,-0.095117,0.035717,0.084525
0.094615,-0.05821,0.081186,0.097067,0.033841,0.035569,-0.048453,-0.074043,0.011501,-0.023967
0.16902,-0.0015759,-0.079104,-0.010479,-0.074843,0.12426,0.0070559,-0.1173,0.050669,0.031549
0.095092,0.051928,0.20311,0.24544,0.1317,-0.15532,-0.094026,-0.06019,-0.01972,-0.18907
0.19492,-0.048085,0.059481,0.05873,0.039531,0.092731,0.00027088,-0.1121,0.074356,-0.031159
0.2515,0.092552,-0.041706,0.084862,0.12191,-0.038433,-0.068011,-0.16554,-0.062652,-0.064899
0.30211,0.14474,0.11965,0.079781,-0.018561,0.042356,0.04442,-0.29847,0.088233,-0.043305
0.22608,-0.037939,-0.034253,0.077679,0.042684,-0.035298,-0.13676,-0.11276,-0.05581,-0.054828
0.32585,-0.022073,0.029885,0.10267,0.050417,0.074625,-0.084402,-0.17953,-0.06421,0.024531
0.26228,-0.036223,4.7495e-05,0.18996,0.076864,0.053115,-0.12238,-0.14649,0.026122,0.061109
0.22245,0.050026,-0.0085297,0.040242,-0.041777,0.12624,0.0065651,-0.10541,-0.036991,0.055134
0.19956,0.03367,0.084471,0.091504,0.0019554,0.078172,-0.095502,-0.11141,0.027308,8.9188e-05
0.19102,0.050608,-0.023391,0.040712,0.045367,0.0051444,0.029733,-0.059209,0.00066782,0.0097812
0.23043,0.25062,-0.081545,0.033111,-0.061829,0.065316,-0.019692,-0.21822,0.060974,0.036302
0.301,0.14367,-0.051095,0.085926,-0.073962,0.069218,0.06952,-0.22971,-0.015068,0.046805
0.19278,0.15785,-0.055605,0.13527,-0.097915,0.066183,0.024885,-0.20423,0.0016731,0.010075
0.21918,-0.12423,-0.18438,-0.02172,0.046905,0.023767,-0.04962,-0.046306,-0.047734,-0.034955
0.2517,-0.061663,0.057877,0.1438,0.14537,-0.024835,-0.088907,-0.039227,0.015897,-0.046847
0.081474,0.096575,0.028959,0.019624,0.18281,-0.10636,-0.063241,-0.082568,-0.07415,-0.051235
0.13749,0.074029,0.077214,0.091627,-0.022524,0.066607,-0.021817,-0.089756,0.020499,0.014101
0.27385,0.015044,-0.0093881,0.044945,0.016971,0.11548,-0.0043369,-0.1409,0.06409,-0.0077742
0.25605,0.086754,0.048956,0.019329,0.010055,0.081164,-0.025838,-0.12958,0.050551,0.07631
0.37288,0.14478,-0.070284,0.060918,0.029758,0.040536,-0.032146,-0.24804,-0.10839,0.071935
0.17567,0.024454,-0.034771,0.044561,0.18595,-0.089246,-0.11306,-0.029978,-0.098012,-0.098766
0.10808,-0.15596,-0.042959,0.0041276,-0.015063,0.064744,0.077486,0.028163,-0.0082293,-0.014914
0.22527,0.0013382,0.074535,0.0057601,-0.026637,0.10164,0.021739,-0.13954,0.11682,-0.027246
0.20094,0.013494,0.062998,0.0074999,-0.00044299,0.063919,-0.081513,-0.16605,0.081597,0.021473
0.24424,0.023932,0.0078663,0.10068,0.073646,-0.0024103,-0.06475,-0.18552,0.034788,-0.0072887
0.18095,-0.0067529,0.048245,0.066384,0.034889,0.013675,-0.043308,-0.072963,0.0085233,-0.03108
0.15705,-0.061342,0.021917,0.17339,0.046019,0.023091,-0.064892,-0.028706,0.089228,-0.10125
0.15145,0.050924,0.023028,0.013387,0.14495,-0.082725,-0.086697,-0.076893,-0.029614,-0.0036469
0.18613,-0.03453,0.12316,0.19505,0.15197,-0.048715,-0.060787,-0.05116,-0.013418,-0.078927
0.099782,0.067646,-0.066275,-0.0016103,0.02936,0.030435,0.050049,-0.064743,-0.00082818,0.012532
0.097594,-0.08154,-0.020264,-0.041941,-0.034108,0.011652,-0.067469,-0.051313,-0.067594,0.046968
0.34941,-0.19579,-0.013108,0.095599,0.039413,0.061195,0.0281,-0.15079,0.016263,0.0070949
0.26665,0.033074,0.11708,0.087219,0.088592,0.012286,-0.033524,-0.15502,0.050391,-0.075153
0.17058,-0.010673,-0.015384,0.087818,0.034856,0.048608,0.0030502,-0.16196,0.056313,0.023152
0.21984,0.057911,0.022059,0.091785,-0.0042569,0.10258,0.017525,-0.17514,0.093056,0.019008
0.21876,0.016384,0.031989,-0.025472,0.036938,0.049221,0.020876,-0.12734,0.0024141,-0.045275
0.20346,0.010616,0.10268,0.0499,0.026098,-0.028393,-0.056187,-0.12408,0.079145,0.017723
0.12211,-0.038776,0.041542,0.10377,0.12534,-0.021789,-0.12265,-0.053428,-0.050757,-0.037262
0.11563,0.10024,-0.016955,0.046495,0.021711,-0.00056904,-0.057513,-0.1005,-0.026279,0.0019701
0.1791,0.076683,0.16931,0.20508,0.16351,-0.16573,-0.12004,-0.068838,-0.16381,-0.14127
0.14578,0.014397,0.01354,0.0025742,-0.031157,0.05071,-0.036973,-0.11767,0.022218,-0.029812
0.32452,0.11986,0.043222,0.021866,-0.05105,0.060319,-0.043656,-0.16549,0.042478,-0.026578
0.1854,-0.012572,0.1234,-0.0013042,0.021152,0.052976,-0.01125,-0.054019,0.06918,0.009564
0.23463,0.080415,0.11936,0.085908,0.069337,-0.023293,0.005107,-0.15129,-0.078252,0.0056188
0.24522,0.16547,0.049771,0.068181,-0.050939,0.058389,-0.13999,-0.21741,-0.029287,0.088336
0.043647,-0.044028,0.08002,0.050848,0.1014,-0.12629,-0.13039,0.018905,-0.068137,-0.13833
0.048247,-0.069374,0.10263,0.12432,0.11458,-0.13474,-0.081142,0.042813,0.014158,-0.22271
0.26603,0.055533,0.0010002,0.0031315,0.035192,0.02799,-0.02179,-0.10643,-0.058498,-0.014099
0.15336,-0.13787,0.088064,0.13851,0.1205,-0.0035697,-0.051819,-0.1138,-0.032552,-0.042054
0.20475,-0.043944,0.14664,0.083437,0.096989,-0.034538,-0.089763,-0.06055,0.0083639,-0.047594
0.066594,0.090218,0.06253,0.063078,0.089167,-0.06842,-0.013859,-0.012669,-0.11199,-0.031552
0.20434,-0.02354,-0.040737,-0.019333,-0.062143,0.055311,-0.0056204,-0.12773,0.042291,0.1034
0.2026,0.10676,0.04542,0.028059,-0.0061137,-0.0058158,-0.058335,-0.1033,0.042229,0.019563
0.23767,0.070768,0.042534,0.072471,0.1711,-0.12987,-0.04289,-0.16361,-0.12522,-0.09983
0.24958,0.0706,0.044951,0.0017049,0.0075287,0.062043,-0.015955,-0.16607,-0.013819,0.037892
0.16965,0.081329,-0.0090848,0.024287,0.025471,0.0097334,0.020566,-0.13031,0.021896,0.024161
0.24087,0.017022,0.016082,0.029436,-0.0032052,0.060331,-0.12959,-0.12464,-0.047978,0.0052033
0.17966,0.055207,0.022969,0.088553,0.060516,-0.0404,-0.08146,-0.11668,0.034231,-0.042937
0.23624,0.016338,0.1498,0.099285,0.098866,-0.057991,-0.085564,-0.049116,0.071851,-0.070771
0.29624,0.018733,0.053748,0.016348,0.0041819,0.0086116,0.024261,-0.0918,-0.11724,-0.016354
0.28604,0.04986,0.021904,0.022002,-0.035149,0.074716,0.034516,-0.20557,0.051607,0.055219
0.27237,0.066678,-0.066211,-0.084674,-0.011577,0.056164,0.024371,-0.098779,0.0051618,0.045251
0.31165,0.051003,-0.066865,-0.039232,0.014913,0.10066,-0.05578,-0.23666,0.049229,0.058487
0.25001,0.072585,0.10201,0.014804,0.026145,-0.036549,-0.023907,-0.052583,-0.028375,0.066334
0.14879,-0.039731,0.12149,0.17648,0.19867,-0.11639,-0.087827,-0.083779,0.0075624,-0.072588
0.19343,0.076815,0.015901,0.06786,0.10522,-0.011208,-0.073374,-0.087277,-0.0034431,-0.056976
0.28692,-0.11364,-0.02938,0.03078,0.035711,0.046909,-0.04156,-0.085471,-0.029028,-0.046708
0.20561,0.056576,-0.031124,0.1296,0.024912,0.030889,-0.13014,-0.16685,-0.0056943,-0.049142
0.1892,0.012588,0.021422,0.019938,0.031478,-0.021101,-0.1279,-0.14148,-0.053842,-0.009078
0.10617,-0.067,-0.026873,0.026006,0.00017095,0.08904,-0.04474,-0.06001,0.013739,-0.041115
0.27679,-0.0035697,0.028762,0.10687,0.14085,0.024181,-0.084704,-0.10422,0.065826,-0.023283
0.11609,-0.069404,0.027548,0.040416,0.047042,0.00027623,0.067069,-0.1655,0.0347,0.019039
0.20214,0.036805,0.017505,0.032951,-0.0069797,0.055248,-0.035953,-0.07094,-0.086642,0.066889
0.18887,-0.096969,0.026715,-0.035253,-0.04902,0.19043,-0.087636,-0.10789,0.082343,0.069199
0.18136,0.016486,0.04948,-0.011691,-0.036689,0.038251,0.02218,-0.18561,-0.054973,0.021396
0.19197,0.10351,0.038168,0.15537,0.086604,-0.10339,-0.077143,-0.078663,-0.14044,-0.14956
0.21181,0.0081318,0.033715,-0.070949,-0.04047,0.083091,0.0099024,-0.13795,0.047696,0.053081
0.13343,0.04,0.026545,-0.071219,-0.026543,0.036574,0.0048908,-0.021215,0.045175,0.044342
0.24047,-0.029055,0.029519,0.19721,0.097354,-0.034925,-0.10186,-0.05609,0.037367,-0.016792
0.23004,0.0039345,0.032023,0.0025173,0.0015743,0.045068,-0.052494,-0.062873,0.096313,0.049079
0.29442,0.10859,0.10112,0.11032,0.063295,0.051758,-0.1134,-0.20546,-0.033745,0.019753
0.23569,0.17228,0.031578,0.014029,-0.0064724,0.043255,-0.013739,-0.14178,-0.06221,0.0066143
0.23062,-0.035095,0.019183,0.077503,-0.027942,0.05208,-0.13411,-0.14415,0.05521,-0.0048503
0.19206,-0.055811,0.044462,-0.095967,-0.028069,0.072373,-0.03945,-0.020627,0.15623,0.050921
0.23407,0.053168,0.017349,0.14782,0.10599,-0.05896,-0.16,-0.05457,-0.07797,-0.076605
0.28234,-0.081938,0.12654,0.12027,0.096813,-0.01362,-0.0022896,-0.18556,0.1101,-0.054204
0.079291,-0.13407,-0.083364,-0.069611,-0.050226,0.12296,-0.049381,-0.054158,0.046989,0.037077
0.20055,0.050802,0.067048,0.027678,0.064706,-0.052246,0.0014335,-0.14786,0.011269,-0.090177
0.14624,0.073511,-0.0091583,0.068392,-0.031359,0.05088,-0.0012469,-0.023832,-0.010024,0.07148
0.095551,0.084369,-0.013735,-0.012582,-0.0049897,0.0080046,0.010208,-0.093364,0.028558,-0.029138
0.17686,-0.036233,0.10729,0.048114,0.10968,-0.10451,-0.14951,-0.1242,-0.0016937,-0.088187
0.24908,0.062582,0.019679,-0.0086362,-0.058954,0.13285,0.030811,-0.2705,0.11689,0.044498
0.17869,0.010398,0.0018122,0.014052,0.060489,0.036735,-0.047677,-0.064987,0.015806,-0.070342
0.17957,0.039662,0.026778,0.0097365,-0.0057284,0.0079163,-0.014957,-0.068046,-0.024719,0.032021
0.21336,0.02551,0.074232,0.059775,0.09789,-0.052821,-0.039518,-0.048494,-0.033389,-0.054731
0.12055,-0.037329,-0.05779,-0.096967,-0.13375,0.16388,0.12879,0.0099989,0.080674,0.10176
0.21199,0.02238,0.068115,0.19016,0.12048,-0.076664,-0.16621,-0.12781,-0.01191,-0.071787
0.29613,0.056036,-0.035017,0.14071,0.0070248,0.047959,0.015657,-0.16421,0.015571,0.0871
0.29482,-0.033456,-0.085894,0.019421,0.052703,0.044357,-0.01755,-0.12685,-0.008337,-0.021522
0.30202,-0.07124,-0.044862,0.096215,0.053251,0.11359,-0.11481,-0.14735,0.0092494,-0.078435
0.19751,0.10845,0.013817,-0.0262,-0.078997,0.068793,-0.055276,-0.13895,0.066617,0.1138
0.15533,-0.049373,0.018772,-0.0214,-0.024804,0.10811,-0.030917,-0.065753,0.086605,0.03357
0.24541,-0.025462,-0.059608,0.022309,-0.030568,0.086768,-0.063835,-0.11418,0.0030573,0.080597
0.3344,0.022174,0.068051,0.11724,0.10428,0.048196,-0.11701,-0.14715,0.009855,-0.06379
0.20244,0.063744,-0.0077463,0.083158,-0.034292,0.066883,-0.080248,-0.14908,0.040045,0.045445
0.27588,-0.014029,-0.0038336,0.063694,0.14745,-0.027213,-0.15039,-0.079229,-0.0015469,-0.07529
0.24307,0.038297,0.0083471,0.034572,-0.082977,0.17742,-0.029424,-0.17818,0.020638,0.10049
0.075987,-0.014186,0.050246,0.022793,-0.0042919,-0.0012281,0.11928,-0.090475,0.080328,0.055752
0.21574,-0.11985,0.10782,0.10531,0.048759,0.028349,-0.11281,-0.13359,0.04108,0.0019115
0.21468,-0.10303,-0.018374,0.024558,0.034671,0.058186,-0.01413,-0.018269,-0.045933,0.044288
0.24439,0.080544,0.0030007,0.11389,0.03814,0.020411,-0.055892,-0.15993,-0.047919,0.023352
0.15928,0.060183,0.01149,0.0020283,-0.037175,0.099647,-0.045454,-0.11225,-0.021794,0.060464
0.27951,-0.090211,-0.034007,0.09719,0.10608,0.096721,-0.064773,-0.09742,0.011843,-0.050757
0.29364,0.062509,-0.011289,0.10006,0.026637,0.056704,-0.075592,-0.20298,0.11887,-0.041904
0.23706,-0.10134,0.10451,0.062528,0.068218,0.052325,-0.11653,-0.11004,0.12187,0.0014968
0.3374,0.18918,-0.0078613,0.067916,-0.10508,0.11755,-0.074534,-0.20695,0.030869,0.090989
0.22113,-0.043649,-0.0037982,-0.16891,-0.13448,0.21885,0.088926,-0.13842,0.15547,0.17938
0.17393,0.088393,-0.02519,-0.077557,-0.040696,0.042772,0.024986,-0.1034,0.089259,-0.021033
0.16298,0.112,0.02095,0.15841,0.15498,-0.11736,0.0083808,-0.19453,0.036158,-0.095463
0.23497,0.06938,0.027042,0.067944,-0.097039,0.1004,-0.047308,-0.18077,0.023267,0.10434
0.23165,0.022385,0.011087,0.045048,0.12491,-0.07408,-0.0066233,-0.11815,0.036414,-0.11354
0.1769,0.077371,0.03885,0.1058,0.098437,-0.064194,-0.07335,-0.030854,-0.089452,-0.070883
0.16044,-0.025432,0.15753,0.12635,-0.0096282,0.058711,-0.10896,-0.055172,0.060767,0.021408
0.12637,0.013418,-0.06269,0.022396,-0.01809,0.028117,0.046085,-0.12003,0.019606,-0.010305
0.13833,-0.10708,0.044254,-0.043933,0.02272,0.11842,0.079456,-0.090906,0.070504,0.013244
0.098082,-0.071706,-0.02572,-0.00090156,-0.0032215,0.07499,-0.050498,-0.053859,-0.0031864,-0.038319
0.036055,-0.12,-0.036058,-0.043975,0.044209,0.0044624,0.02549,-0.0072406,0.012745,0.012221
0.21198,-0.1318,0.093852,-0.025108,0.053713,0.050908,-0.070182,-0.076733,0.0022966,-0.045793
-0.009225,0.034531,-0.15532,-0.0085582,-0.091624,0.076718,0.098338,-0.053075,0.091903,0.033411
0.17181,-0.030717,0.086309,-0.054913,-0.047749,0.022335,0.041183,-0.073551,0.098302,0.081393
