particle,class,umap1,umap2,tsne1,tsne2
aligned_tom100_P0001.mrc,2,13.828906,5.065348,-12.378126,-2.940563
aligned_tom101_P0001.mrc,2,13.254939,5.909162,-10.170527,-1.180774
aligned_tom101_P0002.mrc,2,11.572982,5.238033,-9.648895,11.603425
aligned_tom102_P0001.mrc,2,11.780620,5.991396,-0.783044,7.905989
aligned_tom102_P0002.mrc,2,12.507999,3.102884,0.231087,-15.867146
aligned_tom102_P0003.mrc,2,12.784803,3.956881,1.832395,-4.396681
aligned_tom103_P0001.mrc,2,13.764122,4.436210,-13.253074,-3.707834
aligned_tom103_P0002.mrc,2,12.275605,6.229616,-10.426056,4.233986
aligned_tom104_P0001.mrc,2,12.605140,5.369681,-6.785915,0.540421
aligned_tom104_P0002.mrc,2,13.008730,5.491696,-19.666599,2.994162
aligned_tom104_P0003.mrc,2,12.939296,5.486825,3.776169,1.765457
aligned_tom105_P0001.mrc,2,12.646655,5.494568,-4.729883,-16.280836
aligned_tom105_P0002.mrc,1,14.152101,3.940389,-4.112579,-7.067639
aligned_tom106_P0001.mrc,1,8.846628,3.201689,18.479227,-4.979881
aligned_tom106_P0002.mrc,2,12.765098,5.171389,-18.061544,7.174691
aligned_tom106_P0003.mrc,1,9.580820,2.520344,21.404913,-1.218428
aligned_tom107_P0001.mrc,2,12.474731,5.199432,-5.303258,0.165662
aligned_tom107_P0002.mrc,1,9.947140,2.663384,22.699797,5.091044
aligned_tom108_P0001.mrc,2,13.982987,5.864573,-15.293272,-8.223502
aligned_tom109_P0001.mrc,2,13.730713,5.558278,-11.885781,-5.249794
aligned_tom109_P0002.mrc,2,12.675643,3.108234,1.086098,-8.327911
aligned_tom109_P0003.mrc,2,12.593093,6.401001,4.107867,0.232633
aligned_tom109_P0004.mrc,2,14.182603,3.964612,-4.424271,-11.557516
aligned_tom10_P0001.mrc,1,8.714664,3.497480,14.178233,11.466967
aligned_tom10_P0002.mrc,2,12.876533,4.738712,-12.952088,-0.325167
aligned_tom110_P0001.mrc,2,11.508130,4.236219,6.453650,-1.098626
aligned_tom111_P0001.mrc,2,13.876793,5.307729,-11.581246,-2.822915
aligned_tom111_P0002.mrc,2,14.248075,4.021409,-4.332791,-5.405740
aligned_tom111_P0003.mrc,2,14.358903,4.057139,-5.400370,-6.122040
aligned_tom112_P0001.mrc,2,13.536806,5.246513,-19.507015,-3.710483
aligned_tom112_P0002.mrc,1,13.834216,6.425108,19.317890,-9.742478
aligned_tom113_P0001.mrc,2,13.808378,5.233787,-17.295807,-7.266750
aligned_tom113_P0002.mrc,2,13.133995,3.316801,-1.516471,-10.919335
aligned_tom113_P0003.mrc,2,12.361289,3.192395,10.805404,-10.189449
aligned_tom114_P0001.mrc,2,11.354059,4.795554,1.427087,9.574529
aligned_tom115_P0001.mrc,1,8.901909,4.097304,12.228964,6.492285
aligned_tom115_P0002.mrc,2,12.734245,4.152518,5.203611,-5.242445
aligned_tom115_P0003.mrc,2,12.250731,4.236685,0.035819,-1.459939
aligned_tom116_P0001.mrc,2,10.386415,4.620399,5.629287,6.472078
aligned_tom117_P0001.mrc,2,13.347267,5.281850,-15.362723,-4.624019
aligned_tom117_P0002.mrc,2,12.467218,4.861115,-7.655920,1.855878
aligned_tom117_P0003.mrc,2,12.171823,4.892827,1.592117,3.647101
aligned_tom118_P0001.mrc,2,10.621516,5.456466,3.156417,7.773931
aligned_tom118_P0002.mrc,2,11.262591,5.571674,-16.881918,-9.395401
aligned_tom119_P0001.mrc,2,13.226501,4.129332,-16.014858,12.238771
aligned_tom11_P0001.mrc,2,13.937997,3.620944,-3.740444,-7.987224
aligned_tom120_P0001.mrc,2,12.646422,4.345226,-18.060001,0.807666
aligned_tom120_P0002.mrc,2,9.969736,3.532202,9.807413,0.888341
aligned_tom120_P0003.mrc,2,11.576025,5.953822,-6.274031,9.706862
aligned_tom120_P0004.mrc,1,10.213140,3.029527,19.768791,4.348661
aligned_tom120_P0005.mrc,1,9.503051,3.014532,13.068702,-0.079467
aligned_tom121_P0001.mrc,2,12.918987,3.427532,2.289858,-8.089375
aligned_tom122_P0001.mrc,2,13.175628,4.549522,-3.374707,-3.245442
aligned_tom123_P0001.mrc,1,10.167865,2.513356,20.250204,0.279488
aligned_tom124_P0001.mrc,1,9.925230,2.257991,21.152004,1.308456
aligned_tom125_P0001.mrc,2,14.046011,5.448727,-11.718451,-8.112565
aligned_tom126_P0001.mrc,2,12.658858,2.468932,11.441410,-7.605458
aligned_tom126_P0002.mrc,2,12.341091,4.955140,-5.670119,2.496404
aligned_tom126_P0003.mrc,2,11.184063,5.336627,-2.849490,4.355666
aligned_tom127_P0001.mrc,2,13.128877,5.938081,-9.743608,-0.243366
aligned_tom128_P0001.mrc,2,12.450891,6.189407,-0.636689,8.470764
aligned_tom129_P0001.mrc,2,14.220969,4.890546,-11.008360,-8.203158
aligned_tom12_P0001.mrc,1,9.567357,2.309829,21.962137,-1.375480
aligned_tom12_P0002.mrc,2,12.006874,4.168382,4.586183,-1.906531
aligned_tom12_P0003.mrc,1,10.652578,3.691065,12.424986,16.429535
aligned_tom130_P0001.mrc,2,13.561174,4.206998,-1.435813,-3.136551
aligned_tom130_P0002.mrc,2,12.623509,4.872420,-5.999233,-2.334721
aligned_tom131_P0001.mrc,2,13.701452,5.666235,-12.338207,-5.251433
aligned_tom131_P0002.mrc,1,11.346887,4.803291,-13.426714,11.812893
aligned_tom131_P0003.mrc,1,9.546243,2.991060,13.178810,-0.198445
aligned_tom132_P0001.mrc,2,14.163364,4.530972,-14.957588,-15.125057
aligned_tom133_P0001.mrc,2,14.122355,5.038384,-10.131438,-5.801381
aligned_tom134_P0001.mrc,2,13.859765,6.241904,-14.081886,-6.657322
aligned_tom135_P0001.mrc,2,13.997067,5.140530,-10.134152,-5.706973
aligned_tom136_P0001.mrc,2,14.301605,5.459239,-11.681788,-9.575853
aligned_tom136_P0002.mrc,2,12.010939,5.647833,-10.565848,1.637658
aligned_tom137_P0001.mrc,2,11.533371,5.335218,-2.964240,8.175992
aligned_tom137_P0002.mrc,2,12.880696,5.665617,-13.238820,-5.693146
aligned_tom138_P0001.mrc,2,13.839396,5.064773,-9.908004,-6.932994
aligned_tom138_P0002.mrc,1,13.590126,6.076197,-12.087247,-14.746483
aligned_tom138_P0003.mrc,2,10.149658,2.223824,10.402573,12.351753
aligned_tom138_P0004.mrc,2,12.312793,4.570373,-2.959975,0.606350
aligned_tom139_P0001.mrc,2,10.477285,5.410115,4.034149,8.339216
aligned_tom139_P0002.mrc,2,13.317982,6.660626,-9.294313,-2.651818
aligned_tom139_P0003.mrc,2,11.041412,5.598256,-2.392505,5.451626
aligned_tom13_P0001.mrc,2,11.491645,5.006519,-9.430098,9.411799
aligned_tom13_P0002.mrc,2,12.438962,4.268077,-4.746479,-14.183972
aligned_tom140_P0001.mrc,1,9.941936,4.107243,11.648806,5.076330
aligned_tom140_P0002.mrc,2,11.613965,4.826733,1.206198,0.573362
aligned_tom141_P0001.mrc,2,14.190421,3.871644,-3.541711,-7.614436
aligned_tom141_P0002.mrc,2,10.150410,3.367652,20.502867,-5.862194
aligned_tom141_P0003.mrc,2,12.927289,2.992477,0.381658,-9.165389
aligned_tom142_P0001.mrc,2,13.928286,5.932668,-13.984309,-6.673137
aligned_tom143_P0001.mrc,2,14.154767,5.609180,-12.194270,-6.381955
aligned_tom144_P0001.mrc,2,10.927632,6.594893,-2.708703,12.657231
aligned_tom145_P0001.mrc,2,14.085769,4.295236,-6.006072,-12.083969
aligned_tom146_P0001.mrc,1,10.367433,4.383073,6.256628,6.420122
aligned_tom146_P0002.mrc,1,10.015388,2.862757,20.878119,3.055383
aligned_tom146_P0003.mrc,2,12.017467,6.250038,-12.696335,5.013648
aligned_tom147_P0001.mrc,2,11.870432,4.685490,0.026479,3.044225
aligned_tom148_P0001.mrc,2,12.310451,5.279154,-4.782077,1.111117
aligned_tom149_P0001.mrc,2,12.812101,5.858121,-17.531551,2.826337
aligned_tom149_P0002.mrc,2,14.062003,4.327542,-8.905232,-6.404856
aligned_tom14_P0001.mrc,2,12.801400,2.861700,1.327695,-9.620210
aligned_tom14_P0002.mrc,2,11.936370,3.340027,2.934036,-14.319231
aligned_tom14_P0003.mrc,2,11.491627,4.744386,0.840470,4.480793
aligned_tom150_P0001.mrc,2,12.503446,3.929349,-5.823010,3.912154
aligned_tom151_P0001.mrc,2,13.191358,4.021561,-7.070148,-6.931130
aligned_tom151_P0002.mrc,1,9.891999,2.309364,21.796993,0.703672
aligned_tom151_P0003.mrc,2,13.205968,6.523452,2.706649,-1.480365
aligned_tom151_P0004.mrc,1,9.275153,2.530019,19.595530,15.664440
aligned_tom152_P0001.mrc,1,9.442571,3.535262,18.543005,9.100799
aligned_tom153_P0001.mrc,2,11.929461,3.036865,4.864518,-15.677739
aligned_tom153_P0002.mrc,2,11.855885,5.916112,-7.340292,9.278264
aligned_tom154_P0001.mrc,2,11.225641,5.638769,-5.102562,5.931308
aligned_tom154_P0002.mrc,2,10.969769,6.583117,-3.035996,14.206395
aligned_tom155_P0001.mrc,2,13.614006,4.992654,-0.591405,-1.637977
aligned_tom155_P0002.mrc,2,12.854101,3.745393,-1.192078,-4.966728
aligned_tom155_P0003.mrc,2,13.475643,4.710228,-12.758946,-3.016141
aligned_tom155_P0004.mrc,2,10.529487,5.241323,4.376753,6.623255
aligned_tom156_P0001.mrc,2,10.477221,5.415183,4.034151,8.339210
aligned_tom156_P0002.mrc,2,13.289073,6.584801,-9.293474,-2.651355
aligned_tom156_P0003.mrc,2,11.014944,5.535841,-2.392554,5.451650
aligned_tom157_P0001.mrc,1,9.976604,5.051857,-8.443065,17.165047
aligned_tom157_P0002.mrc,2,13.068713,5.554748,-19.086983,3.354716
aligned_tom158_P0001.mrc,2,11.686188,4.359166,4.880513,-2.282830
aligned_tom159_P0001.mrc,1,9.840688,3.217861,16.340925,2.605105
aligned_tom159_P0002.mrc,1,10.026606,2.364676,16.822866,-2.965791
aligned_tom159_P0003.mrc,2,9.469774,4.018360,10.187619,7.078532
aligned_tom15_P0001.mrc,2,11.743933,3.328951,3.098364,-15.965071
aligned_tom15_P0002.mrc,2,13.780593,4.029357,-2.651060,-18.818945
aligned_tom15_P0003.mrc,1,9.066210,4.234989,12.984241,8.558811
aligned_tom160_P0001.mrc,2,12.765715,6.195126,-14.754331,1.895774
aligned_tom161_P0001.mrc,2,11.721664,5.755493,-6.139932,6.989411
aligned_tom162_P0001.mrc,2,12.282101,5.871665,-9.113299,3.028881
aligned_tom163_P0001.mrc,2,10.925827,6.556244,-3.309831,12.026720
aligned_tom164_P0001.mrc,2,14.259610,3.924698,-3.541729,-7.614354
aligned_tom164_P0002.mrc,2,10.221319,3.341639,20.502874,-5.862193
aligned_tom164_P0003.mrc,2,12.976805,3.115760,0.381510,-9.165597
aligned_tom165_P0001.mrc,1,9.475155,2.375900,19.191635,-2.043644
aligned_tom166_P0001.mrc,2,11.138896,5.569498,-5.102655,5.931247
aligned_tom166_P0002.mrc,2,11.003429,6.545460,-3.035996,14.206396
aligned_tom167_P0001.mrc,1,11.416877,5.157453,-10.732767,12.793847
aligned_tom168_P0001.mrc,2,13.529805,6.508950,-9.998435,-3.283206
aligned_tom169_P0001.mrc,2,12.808517,4.024173,-6.769881,-18.428141
aligned_tom16_P0001.mrc,2,10.778796,5.892483,-0.010297,11.093111
aligned_tom16_P0002.mrc,2,13.348886,3.529534,-9.386181,-9.083694
aligned_tom170_P0001.mrc,2,12.025211,5.218467,-9.993346,7.976184
aligned_tom171_P0001.mrc,1,13.025867,6.184580,-19.292858,-6.215207
aligned_tom172_P0001.mrc,2,11.214725,6.116972,-7.061583,10.479177
aligned_tom172_P0002.mrc,2,12.089377,4.271238,5.548220,-5.022884
aligned_tom173_P0001.mrc,2,10.957722,6.417061,-4.039626,11.064025
aligned_tom173_P0002.mrc,2,11.525891,6.538951,-4.141832,10.809482
aligned_tom174_P0001.mrc,2,12.799005,6.176995,3.000099,0.825936
aligned_tom175_P0001.mrc,2,12.485186,2.687088,6.994148,-13.708654
aligned_tom175_P0002.mrc,2,11.866062,3.647244,4.067655,-16.255869
aligned_tom176_P0001.mrc,2,13.025405,4.337858,-17.752972,-1.198869
aligned_tom177_P0001.mrc,2,13.169624,4.980598,-20.103209,-0.553328
aligned_tom177_P0002.mrc,2,10.371346,4.301810,8.972468,0.922767
aligned_tom177_P0003.mrc,2,14.488538,5.422904,-12.171788,-11.018275
aligned_tom178_P0001.mrc,2,11.943183,3.018725,5.743686,-8.144189
aligned_tom179_P0001.mrc,2,13.224551,5.098317,-7.328719,-3.428044
aligned_tom17_P0001.mrc,2,11.881712,2.934088,15.013627,-8.032445
aligned_tom17_P0002.mrc,1,9.131474,3.106453,16.247389,11.633656
aligned_tom17_P0003.mrc,2,12.758212,4.629243,7.276740,-6.082443
aligned_tom180_P0001.mrc,2,13.921399,4.538678,-5.534398,-7.644206
aligned_tom180_P0002.mrc,2,14.171646,3.870677,-5.479781,-9.118028
aligned_tom181_P0001.mrc,2,12.346766,4.707796,-1.938547,-0.945060
aligned_tom181_P0002.mrc,2,13.192307,3.986713,-6.049692,-9.652834
aligned_tom182_P0001.mrc,2,14.220740,3.673444,-3.220632,-9.693953
aligned_tom183_P0001.mrc,2,13.510138,5.313379,-20.008753,-9.234370
aligned_tom184_P0001.mrc,1,10.629540,3.596395,11.538415,16.451420
aligned_tom185_P0001.mrc,2,12.533230,2.493887,3.761643,-10.743329
aligned_tom186_P0001.mrc,2,13.379241,6.668762,-9.529230,-2.440884
aligned_tom187_P0001.mrc,1,9.313061,4.268656,20.722273,10.087215
aligned_tom188_P0001.mrc,2,12.551079,5.969538,-9.256085,3.611229
aligned_tom189_P0001.mrc,1,11.145162,2.493087,13.697056,-13.019921
aligned_tom18_P0001.mrc,2,13.872578,5.693816,-15.276998,-2.476154
aligned_tom18_P0002.mrc,1,10.509649,3.893356,13.191270,18.103348
aligned_tom190_P0001.mrc,1,10.720173,4.238011,7.510619,18.082512
aligned_tom190_P0002.mrc,1,10.940476,4.700646,6.777517,18.201185
aligned_tom191_P0001.mrc,2,11.191752,2.660383,15.218018,-7.851340
aligned_tom192_P0001.mrc,1,9.834947,2.793467,14.798062,-2.617104
aligned_tom193_P0001.mrc,2,10.598103,6.141412,-1.357029,11.023839
aligned_tom194_P0001.mrc,2,12.332157,5.384766,-8.037169,3.244256
aligned_tom195_P0001.mrc,2,11.372001,6.136011,-3.146000,8.436873
aligned_tom196_P0001.mrc,2,13.083920,5.119987,-19.725388,-0.602729
aligned_tom197_P0001.mrc,1,12.212740,3.901123,9.049445,-1.068655
aligned_tom198_P0001.mrc,2,12.680614,4.232936,-2.703189,0.476885
aligned_tom199_P0001.mrc,2,11.831296,4.095517,-0.433056,15.808821
aligned_tom19_P0001.mrc,1,10.797877,2.651494,16.435162,16.343412
aligned_tom1_P0001.mrc,1,9.430120,4.082221,18.680262,9.942072
aligned_tom200_P0001.mrc,2,13.910500,4.415300,-3.892164,-1.498168
aligned_tom200_P0002.mrc,2,12.082356,4.877805,-4.040019,0.089483
aligned_tom200_P0003.mrc,2,10.748266,5.829566,-0.787785,10.510591
aligned_tom200_P0004.mrc,2,12.295866,4.368652,4.316879,-4.593555
aligned_tom201_P0001.mrc,2,11.670343,6.147679,-8.480972,8.126877
aligned_tom201_P0002.mrc,2,12.085855,5.585318,-4.131059,1.879874
aligned_tom202_P0001.mrc,2,12.149673,5.181855,-6.522238,2.626155
aligned_tom203_P0001.mrc,2,12.217641,2.762472,8.113832,-13.503128
aligned_tom203_P0002.mrc,1,9.675569,3.454351,17.020317,4.320569
aligned_tom203_P0003.mrc,2,13.251791,5.489480,-19.596491,4.615662
aligned_tom204_P0001.mrc,2,11.074642,6.169765,-6.014141,12.195174
aligned_tom205_P0001.mrc,2,12.431263,5.691176,-5.080320,0.787112
aligned_tom205_P0002.mrc,2,11.934425,4.928247,-0.764957,0.478809
aligned_tom205_P0003.mrc,1,9.004466,3.235083,17.302509,-5.397116
aligned_tom205_P0004.mrc,2,10.895858,6.271392,-4.621857,12.515264
aligned_tom206_P0001.mrc,2,12.100005,5.265969,-6.787079,5.416705
aligned_tom206_P0002.mrc,2,12.599341,5.101302,-15.388181,3.961697
aligned_tom206_P0003.mrc,2,13.082330,4.985236,-14.910253,8.802942
aligned_tom207_P0001.mrc,2,13.109153,3.902117,-0.966325,-5.373743
aligned_tom207_P0002.mrc,2,13.334840,5.366235,-8.418316,-4.198677
aligned_tom207_P0003.mrc,2,11.612551,5.312803,-10.450871,11.920414
aligned_tom207_P0004.mrc,2,12.944266,2.856328,0.930538,-10.690543
aligned_tom208_P0001.mrc,1,10.108566,2.815566,11.745407,-1.577877
aligned_tom209_P0001.mrc,2,12.316319,4.982907,-5.952850,3.585432
aligned_tom20_P0001.mrc,1,8.619020,3.681052,14.348363,13.186322
aligned_tom210_P0001.mrc,2,12.303637,3.193476,2.787054,-6.485434
aligned_tom211_P0001.mrc,2,11.704384,3.948773,-0.880509,17.945225
aligned_tom211_P0002.mrc,1,9.315726,3.053650,14.991518,-0.510476
aligned_tom211_P0003.mrc,2,9.928724,2.942400,16.460836,1.218724
aligned_tom211_P0004.mrc,2,14.546577,3.912132,-7.605826,6.704143
aligned_tom212_P0001.mrc,2,13.405631,5.122759,-11.089104,0.251782
aligned_tom212_P0002.mrc,2,10.846706,6.552609,-2.308276,12.459849
aligned_tom212_P0003.mrc,2,13.941070,5.626934,-10.381718,-10.674098
aligned_tom212_P0004.mrc,2,13.390838,2.913117,0.202933,-12.294925
aligned_tom213_P0001.mrc,2,13.203084,5.981662,2.830289,-0.272125
aligned_tom213_P0002.mrc,2,12.838207,3.226015,-3.296657,-12.777480
aligned_tom214_P0001.mrc,2,13.252854,3.470553,2.881314,-5.713949
aligned_tom214_P0002.mrc,1,9.707306,3.314466,11.287446,0.546302
aligned_tom214_P0003.mrc,1,10.159450,3.602997,17.081066,7.324506
aligned_tom214_P0004.mrc,1,9.473444,3.678263,17.446795,5.846061
aligned_tom214_P0005.mrc,1,9.804415,2.496005,16.127167,-3.104250
aligned_tom215_P0001.mrc,2,10.080912,3.953964,11.314596,10.826593
aligned_tom216_P0001.mrc,2,12.923828,4.389848,-6.476596,-4.788346
aligned_tom216_P0002.mrc,2,13.326829,3.776233,-1.659682,-7.889252
aligned_tom217_P0001.mrc,2,13.299105,5.387961,-5.580161,-3.952279
aligned_tom218_P0001.mrc,2,10.938540,4.489068,3.542554,11.194935
aligned_tom218_P0002.mrc,2,12.693014,2.876715,6.175427,-8.612866
aligned_tom219_P0001.mrc,1,10.810329,4.968018,5.939213,1.677333
aligned_tom219_P0002.mrc,2,14.241132,4.235772,-18.942890,-3.603814
aligned_tom219_P0003.mrc,2,12.213035,6.674072,-12.215894,6.581499
aligned_tom21_P0001.mrc,2,13.074898,3.577762,-0.968988,-6.529099
aligned_tom21_P0002.mrc,2,12.216146,4.416093,-1.343417,1.735136
aligned_tom21_P0003.mrc,2,12.846523,5.830154,-9.850898,2.701479
aligned_tom21_P0004.mrc,2,12.694094,3.846320,-13.675411,2.872562
aligned_tom21_P0005.mrc,2,11.210525,4.864811,-11.904701,11.697402
aligned_tom21_P0006.mrc,2,11.066474,5.542237,-5.092922,5.223299
aligned_tom21_P0007.mrc,1,12.401509,3.017360,3.734117,-11.640388
aligned_tom220_P0001.mrc,2,13.584785,4.666080,-4.056630,-1.492452
aligned_tom220_P0002.mrc,2,13.631877,4.940034,-8.075028,12.967299
aligned_tom220_P0003.mrc,1,10.231092,2.735304,21.939173,3.358150
aligned_tom220_P0004.mrc,2,11.483188,6.390457,-11.470820,10.070840
aligned_tom221_P0001.mrc,2,14.033021,4.850884,-11.671874,-3.944291
aligned_tom221_P0002.mrc,2,13.106310,6.128671,-7.976458,-1.029294
aligned_tom221_P0003.mrc,2,13.274720,5.725322,-14.751774,-4.487260
aligned_tom221_P0004.mrc,2,12.508326,5.174816,-6.807920,2.263498
aligned_tom221_P0005.mrc,1,10.896300,2.571744,13.728713,-12.990515
aligned_tom222_P0001.mrc,2,12.268771,2.695744,2.575632,-9.618142
aligned_tom222_P0002.mrc,2,14.072242,3.625168,-3.164076,-10.666659
aligned_tom222_P0003.mrc,2,12.893570,4.155552,9.025313,-4.765812
aligned_tom222_P0004.mrc,2,13.519879,3.605583,-8.496784,-12.751786
aligned_tom222_P0005.mrc,2,13.135903,4.532373,-9.492856,-12.088501
aligned_tom222_P0006.mrc,1,9.696864,3.392035,18.164293,8.739048
aligned_tom222_P0007.mrc,2,12.589022,6.454560,4.355533,3.467290
aligned_tom223_P0001.mrc,1,10.097315,2.554085,22.914629,1.957238
aligned_tom223_P0002.mrc,2,11.303250,6.145911,6.174839,12.176473
aligned_tom223_P0003.mrc,1,10.605295,3.946574,13.242297,18.148069
aligned_tom223_P0004.mrc,1,9.267198,3.054306,20.455366,6.464593
aligned_tom223_P0005.mrc,2,13.219257,4.527544,-7.367105,-7.555528
aligned_tom224_P0001.mrc,1,8.791597,3.270630,13.021197,3.844175
aligned_tom224_P0002.mrc,2,14.187486,3.821813,-3.933372,-9.132499
aligned_tom224_P0003.mrc,2,13.261079,5.245117,-16.016970,0.076203
aligned_tom225_P0001.mrc,2,13.604053,5.863231,-13.303582,-9.372983
aligned_tom226_P0001.mrc,2,13.468352,3.378045,-8.409989,-13.082184
aligned_tom226_P0002.mrc,2,13.672431,3.982212,-2.623144,-7.107821
aligned_tom227_P0001.mrc,2,13.149224,5.161144,-13.486591,1.186437
aligned_tom227_P0002.mrc,2,14.319135,5.083187,-12.819586,-12.281469
aligned_tom227_P0003.mrc,2,11.907835,5.001172,2.396601,16.981924
aligned_tom227_P0004.mrc,1,10.149512,3.291245,18.126945,3.692960
aligned_tom228_P0001.mrc,2,12.327841,6.388738,-11.186266,4.442995
aligned_tom228_P0002.mrc,1,9.025148,3.820266,11.658686,8.639033
aligned_tom228_P0003.mrc,1,12.276933,3.370222,13.374818,-9.765307
aligned_tom228_P0004.mrc,1,10.276307,5.231121,6.495883,9.151935
aligned_tom228_P0005.mrc,2,11.247400,5.194252,-8.579503,-10.264904
aligned_tom229_P0001.mrc,1,9.703906,3.583755,16.111765,9.319402
aligned_tom22_P0001.mrc,2,11.424029,3.941418,7.722822,-2.829011
aligned_tom230_P0001.mrc,2,9.918378,4.272636,5.682916,3.449583
aligned_tom230_P0002.mrc,2,13.096108,4.479081,-13.730993,0.011673
aligned_tom230_P0003.mrc,2,11.799720,5.729045,2.032293,5.691964
aligned_tom230_P0004.mrc,2,11.038179,5.354467,2.412399,6.908414
aligned_tom230_P0005.mrc,1,9.691731,3.735898,16.384550,5.425567
aligned_tom231_P0001.mrc,1,9.762207,4.718112,9.114747,9.946281
aligned_tom231_P0002.mrc,1,9.951178,3.816218,16.563910,7.603180
aligned_tom231_P0003.mrc,1,10.078629,3.617457,16.993080,8.151587
aligned_tom231_P0004.mrc,2,13.373443,3.095237,1.943114,-11.711443
aligned_tom231_P0005.mrc,2,12.425245,2.549658,5.418596,-12.369670
aligned_tom231_P0006.mrc,1,9.345029,3.672496,15.598717,5.242610
aligned_tom231_P0007.mrc,2,11.916868,6.419709,-9.446307,6.393002
aligned_tom231_P0008.mrc,1,9.413159,3.501805,11.987934,1.447353
aligned_tom232_P0001.mrc,2,12.914886,5.329920,-4.989429,-16.399088
aligned_tom232_P0002.mrc,2,12.586470,4.714362,-5.287204,-2.510365
aligned_tom232_P0003.mrc,2,12.753442,5.787257,-8.253675,0.591593
aligned_tom233_P0001.mrc,2,12.596631,3.950972,0.673180,-2.986818
aligned_tom233_P0002.mrc,1,8.955950,3.876163,13.957045,6.468226
aligned_tom233_P0003.mrc,2,9.891685,4.430358,7.958760,7.547766
aligned_tom234_P0001.mrc,2,14.045197,3.572896,-4.263369,-9.992904
aligned_tom234_P0002.mrc,1,9.760933,3.898094,10.976253,3.246297
aligned_tom234_P0003.mrc,1,10.247319,3.396592,10.755433,2.832115
aligned_tom235_P0001.mrc,2,12.576077,3.598808,0.672825,-15.118779
aligned_tom235_P0002.mrc,1,9.897994,3.536623,17.346222,6.461933
aligned_tom235_P0003.mrc,2,12.567594,4.700011,-6.372605,-1.978453
aligned_tom236_P0001.mrc,2,12.130795,2.466414,5.267350,-10.559028
aligned_tom236_P0002.mrc,2,12.464441,6.361444,3.404159,3.725255
aligned_tom237_P0001.mrc,2,13.851397,3.976575,-2.058237,-5.086789
aligned_tom237_P0002.mrc,2,13.158550,3.708095,-5.979158,14.604714
aligned_tom237_P0003.mrc,2,14.033797,5.999254,-14.510152,-7.875227
aligned_tom237_P0004.mrc,2,12.191996,5.205759,-3.588781,3.314723
aligned_tom237_P0005.mrc,1,11.268786,3.799489,3.793022,14.084291
aligned_tom238_P0001.mrc,2,11.438147,3.709829,7.223814,-2.746877
aligned_tom238_P0002.mrc,2,12.135093,2.855458,6.370079,-16.875872
aligned_tom238_P0003.mrc,2,12.511022,3.160882,-2.006508,-12.321916
aligned_tom238_P0004.mrc,2,12.814942,4.234299,-16.045664,1.578514
aligned_tom238_P0005.mrc,1,10.865518,3.778270,11.437380,16.442543
aligned_tom238_P0006.mrc,2,13.330273,6.326738,-7.920523,-1.995052
aligned_tom239_P0001.mrc,2,14.443541,4.584149,-8.025358,-16.084169
aligned_tom239_P0002.mrc,2,12.417503,3.224590,1.277625,-18.344007
aligned_tom239_P0003.mrc,2,12.371184,4.909399,-1.864519,-1.073949
aligned_tom239_P0004.mrc,2,12.666745,3.760433,1.752263,-4.359900
aligned_tom23_P0001.mrc,2,12.119739,6.671739,-13.097263,7.492522
aligned_tom23_P0002.mrc,2,11.690542,5.597938,-16.832253,-10.791723
aligned_tom23_P0003.mrc,2,14.482866,4.130553,-4.702467,-8.349011
aligned_tom240_P0001.mrc,2,14.065068,4.921969,-10.762020,-4.843172
aligned_tom240_P0002.mrc,1,9.189748,3.434579,15.688421,3.622168
aligned_tom240_P0003.mrc,2,11.242069,5.936239,-7.983135,10.526240
aligned_tom240_P0004.mrc,1,8.947980,3.779677,23.829998,8.113935
aligned_tom240_P0005.mrc,2,12.922037,2.783780,0.099793,-10.731357
aligned_tom240_P0006.mrc,2,13.429956,6.126540,-12.351323,-13.699471
aligned_tom241_P0001.mrc,2,13.317119,6.183656,-9.525702,-9.123419
aligned_tom241_P0002.mrc,1,11.715352,3.556365,10.034152,-12.828571
aligned_tom241_P0003.mrc,1,9.866412,3.687258,19.151146,6.735564
aligned_tom241_P0004.mrc,2,12.808736,3.414261,-2.393435,-15.025380
aligned_tom242_P0001.mrc,2,11.461317,6.501085,-11.838861,9.567652
aligned_tom242_P0002.mrc,2,14.125626,5.362297,-9.924033,-5.258165
aligned_tom243_P0001.mrc,2,12.791408,2.610238,4.025931,-10.606472
aligned_tom244_P0001.mrc,2,13.843127,5.372401,-10.592432,-10.447986
aligned_tom244_P0002.mrc,2,12.587569,3.429886,6.070735,-7.345500
aligned_tom244_P0003.mrc,2,13.025193,5.315943,2.986224,1.775334
aligned_tom244_P0004.mrc,1,11.183407,3.089057,8.472243,-7.163458
aligned_tom245_P0001.mrc,2,13.579933,4.990656,-11.845306,-1.096256
aligned_tom246_P0001.mrc,2,13.178224,4.960916,-7.565966,-3.438380
aligned_tom246_P0002.mrc,1,9.243073,2.662402,17.578554,0.333023
aligned_tom247_P0001.mrc,1,10.368476,3.147618,18.848005,4.972948
aligned_tom247_P0002.mrc,1,9.308294,3.550265,13.924230,2.774836
aligned_tom247_P0003.mrc,2,14.150367,5.062148,-14.672249,-1.267934
aligned_tom247_P0004.mrc,1,10.735317,3.495199,19.660719,13.244610
aligned_tom247_P0005.mrc,2,12.144020,5.435993,-10.351521,8.033299
aligned_tom247_P0006.mrc,2,11.599944,6.180861,-2.129764,8.988848
aligned_tom248_P0001.mrc,2,13.155686,5.108347,-15.357131,7.888336
aligned_tom249_P0001.mrc,1,9.417706,3.880342,18.784403,6.877488
aligned_tom249_P0002.mrc,2,11.491430,4.545099,-9.322207,9.185366
aligned_tom249_P0003.mrc,1,10.041777,3.339869,17.063898,2.253464
aligned_tom249_P0004.mrc,2,11.789890,3.077695,3.804200,-14.010934
aligned_tom249_P0005.mrc,2,11.465322,5.968524,-1.931019,6.606853
aligned_tom24_P0001.mrc,2,11.572683,6.386359,-7.488819,12.183591
aligned_tom250_P0001.mrc,2,11.883704,5.952250,-8.104492,5.077372
aligned_tom250_P0002.mrc,2,13.075562,4.644723,-4.212471,-3.219361
aligned_tom250_P0003.mrc,1,9.410284,3.109842,13.832715,1.148095
aligned_tom250_P0004.mrc,2,13.188306,4.904930,-7.929015,-3.867764
aligned_tom251_P0001.mrc,2,11.647324,3.183493,3.777034,-8.493280
aligned_tom252_P0001.mrc,2,9.215467,3.012615,13.409147,1.863953
aligned_tom253_P0001.mrc,2,13.588767,5.022025,-11.574428,-0.053390
aligned_tom253_P0002.mrc,2,11.332298,4.191892,6.400468,0.140214
aligned_tom253_P0003.mrc,1,8.863388,3.933136,23.816977,10.101013
aligned_tom253_P0004.mrc,2,13.664784,5.104993,-11.997321,1.602787
aligned_tom253_P0005.mrc,1,8.886868,3.788901,23.812403,10.125698
aligned_tom254_P0001.mrc,2,12.619319,5.123037,-5.984028,-0.326382
aligned_tom254_P0002.mrc,2,13.585987,4.689693,-17.193785,-5.254541
aligned_tom254_P0003.mrc,2,11.963863,4.737236,-0.504672,0.127403
aligned_tom255_P0001.mrc,2,12.581588,4.406933,-15.800611,2.336182
aligned_tom256_P0001.mrc,1,9.476882,4.152440,9.589320,7.519945
aligned_tom257_P0001.mrc,1,10.256486,4.039589,7.024662,6.285325
aligned_tom257_P0002.mrc,2,12.124128,5.961159,0.141562,6.647087
aligned_tom257_P0003.mrc,1,10.081525,3.245527,19.323200,1.865803
aligned_tom258_P0001.mrc,2,11.822293,5.661544,-6.557567,8.185117
aligned_tom258_P0002.mrc,1,9.471722,4.575608,12.999036,-5.954177
aligned_tom258_P0003.mrc,1,8.907799,3.460400,14.625037,4.235169
aligned_tom259_P0001.mrc,2,11.939044,6.317184,-10.451631,6.646177
aligned_tom259_P0002.mrc,1,8.899884,3.698400,23.393026,6.290146
aligned_tom259_P0003.mrc,1,9.194556,3.549697,14.624270,8.262725
aligned_tom259_P0004.mrc,1,10.061810,2.394547,21.215397,5.407513
aligned_tom25_P0001.mrc,1,10.693731,4.047607,7.570019,3.664666
aligned_tom25_P0002.mrc,2,12.341780,2.620646,4.783740,-8.256137
aligned_tom25_P0003.mrc,2,12.106764,2.886256,8.133964,-15.939585
aligned_tom25_P0004.mrc,2,13.412154,5.139104,2.887037,-3.065314
aligned_tom260_P0001.mrc,1,9.078753,3.878657,20.588902,9.578526
aligned_tom260_P0002.mrc,2,12.805532,3.895291,-13.827587,4.062077
aligned_tom260_P0003.mrc,1,8.572255,3.348858,15.131551,14.411831
aligned_tom260_P0004.mrc,2,11.756739,5.933000,0.127562,7.155732
aligned_tom260_P0005.mrc,2,11.709809,5.807325,-4.722747,8.732847
aligned_tom261_P0001.mrc,1,9.746205,2.586820,20.226398,-2.098148
aligned_tom261_P0002.mrc,2,13.802403,3.520626,-1.612602,-6.617143
aligned_tom262_P0001.mrc,2,14.007132,4.912110,-19.501595,-9.652808
aligned_tom262_P0002.mrc,2,13.138006,4.801291,-16.069389,-4.585901
aligned_tom263_P0001.mrc,2,13.286097,3.023843,-6.842119,-14.368320
aligned_tom263_P0002.mrc,1,11.691163,2.636829,8.432262,-10.673831
aligned_tom263_P0003.mrc,2,13.690835,5.723572,-20.408373,5.912287
aligned_tom264_P0001.mrc,2,12.693066,6.051445,-10.865337,3.244410
aligned_tom264_P0002.mrc,2,13.735738,5.577067,-15.755286,-0.807142
aligned_tom265_P0001.mrc,2,12.107691,5.551222,-16.061377,5.655924
aligned_tom265_P0002.mrc,1,9.925172,2.401489,17.611322,-2.392410
aligned_tom266_P0001.mrc,1,9.602880,3.793386,15.889125,2.559839
aligned_tom266_P0002.mrc,2,13.593247,3.922976,-5.975305,14.626825
aligned_tom267_P0001.mrc,2,12.313727,4.057293,1.040889,-2.003495
aligned_tom267_P0002.mrc,2,12.676439,4.876577,-6.276339,-0.685405
aligned_tom267_P0003.mrc,2,13.380773,5.815267,-11.182259,-2.448075
aligned_tom268_P0001.mrc,2,11.796045,2.678721,7.315704,-11.183084
aligned_tom268_P0002.mrc,2,11.037560,3.709165,2.992659,-2.688341
aligned_tom268_P0003.mrc,1,10.056955,2.529620,15.886395,-3.034081
aligned_tom269_P0001.mrc,1,8.837018,3.623913,14.685317,5.929391
aligned_tom269_P0002.mrc,1,9.144843,3.660532,20.083145,8.564914
aligned_tom26_P0001.mrc,1,10.613786,3.845519,8.756297,17.690653
aligned_tom26_P0002.mrc,2,12.703822,2.829575,3.824498,-9.985679
aligned_tom26_P0003.mrc,2,11.449960,4.063239,5.490083,-2.754620
aligned_tom26_P0004.mrc,2,13.153819,2.945365,-3.418433,-13.122720
aligned_tom270_P0001.mrc,1,9.403598,2.979798,14.587247,-0.536681
aligned_tom271_P0001.mrc,1,10.101692,3.578112,16.690836,9.197848
aligned_tom271_P0002.mrc,2,13.773807,3.464468,-2.941247,-5.722315
aligned_tom271_P0003.mrc,2,13.738595,3.788747,-3.957156,-5.244235
aligned_tom272_P0001.mrc,2,12.839191,6.335210,3.012225,0.367076
aligned_tom272_P0002.mrc,1,9.682790,3.844029,10.183674,5.743171
aligned_tom273_P0001.mrc,1,10.100177,2.932212,19.621805,3.685930
aligned_tom273_P0002.mrc,2,12.909446,4.965842,-20.160282,2.754221
aligned_tom273_P0003.mrc,1,9.634816,3.072814,17.685564,3.933747
aligned_tom274_P0001.mrc,1,8.721183,3.313462,13.580921,4.149859
aligned_tom274_P0002.mrc,2,12.329176,5.722722,-5.738619,1.140562
aligned_tom274_P0003.mrc,1,10.322975,2.335060,23.058243,1.633815
aligned_tom274_P0004.mrc,1,9.370893,2.596665,17.401886,-0.780553
aligned_tom275_P0001.mrc,1,9.614076,3.326314,11.384951,0.501257
aligned_tom275_P0002.mrc,2,13.296600,2.850641,2.478182,-11.577896
aligned_tom275_P0003.mrc,2,12.747662,6.586932,-11.832737,3.969763
aligned_tom276_P0001.mrc,1,9.601727,2.764606,16.376177,-0.193537
aligned_tom276_P0002.mrc,1,8.772203,3.270604,18.285921,-5.160801
aligned_tom277_P0001.mrc,2,10.814249,4.749487,4.605922,3.763266
aligned_tom277_P0002.mrc,2,11.724409,5.345514,-0.215759,5.093588
aligned_tom278_P0001.mrc,2,12.121961,4.475194,-1.961071,2.309283
aligned_tom279_P0001.mrc,2,11.713015,4.551977,-9.402910,8.856877
aligned_tom27_P0001.mrc,2,14.032097,4.702447,-8.619249,14.329246
aligned_tom27_P0002.mrc,1,10.627550,3.791404,11.442606,18.547564
aligned_tom27_P0003.mrc,2,11.917800,4.909746,-3.320175,3.455252
aligned_tom280_P0001.mrc,2,12.832019,4.492256,9.687124,-5.069103
aligned_tom280_P0002.mrc,2,13.970741,4.486856,-14.802952,-14.460382
aligned_tom281_P0001.mrc,1,9.826612,3.177139,22.011049,3.565439
aligned_tom281_P0002.mrc,2,12.481378,4.362865,-2.912437,-0.267927
aligned_tom281_P0003.mrc,1,12.272708,6.210970,-19.959764,8.935056
aligned_tom282_P0001.mrc,1,9.089614,3.811200,14.867493,6.637107
aligned_tom282_P0002.mrc,2,12.446550,4.519895,-4.979928,-2.383535
aligned_tom283_P0001.mrc,2,11.716101,4.049605,4.380892,-17.749090
aligned_tom283_P0002.mrc,1,9.217945,3.641986,11.585525,13.992573
aligned_tom283_P0003.mrc,2,13.813915,4.925896,-9.896953,-7.636014
aligned_tom283_P0004.mrc,2,11.681448,4.637921,-1.418108,3.214970
aligned_tom283_P0005.mrc,2,13.162859,4.521488,-16.652912,-3.380295
aligned_tom284_P0001.mrc,2,12.646688,5.614767,-7.585480,0.017322
aligned_tom284_P0002.mrc,2,11.763339,4.993676,-0.336881,4.799915
aligned_tom285_P0001.mrc,2,13.479506,5.031567,-12.042627,1.663508
aligned_tom286_P0001.mrc,2,14.311641,5.677870,-12.353108,-8.164551
aligned_tom286_P0002.mrc,2,14.001315,5.731718,-13.470020,-9.558208
aligned_tom286_P0003.mrc,2,12.450747,3.781644,0.271605,-7.599699
aligned_tom286_P0004.mrc,1,9.853126,3.536538,16.538189,9.247555
aligned_tom287_P0001.mrc,1,10.971323,4.717716,6.031188,17.980827
aligned_tom287_P0002.mrc,2,10.894874,4.103221,7.724278,3.295941
aligned_tom287_P0003.mrc,2,12.819849,3.395053,-2.297012,-15.036400
aligned_tom287_P0004.mrc,2,12.279897,2.706646,6.117559,-15.579163
aligned_tom288_P0001.mrc,1,9.305427,3.156774,12.263226,1.482664
aligned_tom288_P0002.mrc,1,10.730555,4.092431,8.164071,4.664807
aligned_tom288_P0003.mrc,2,13.893778,6.374515,-10.617926,-16.232729
aligned_tom288_P0004.mrc,2,13.245678,6.236705,-11.322533,-13.500237
aligned_tom288_P0005.mrc,2,13.709249,3.853127,-2.542758,-7.693274
aligned_tom289_P0001.mrc,1,8.794546,4.174139,13.370228,7.396399
aligned_tom289_P0002.mrc,1,9.564240,3.069245,14.676556,2.496207
aligned_tom289_P0003.mrc,1,9.998366,2.906263,19.781818,4.692701
aligned_tom28_P0001.mrc,2,11.066998,5.516575,-3.684255,5.718968
aligned_tom290_P0001.mrc,1,11.440397,2.953130,11.293123,-2.173879
aligned_tom290_P0002.mrc,1,9.035436,2.964077,16.238388,-1.623699
aligned_tom290_P0003.mrc,2,11.867976,6.609314,-11.771977,8.248672
aligned_tom290_P0004.mrc,2,12.432852,2.483659,5.516297,-12.418460
aligned_tom291_P0001.mrc,2,13.971535,3.815780,-3.391376,-4.747910
aligned_tom291_P0002.mrc,2,12.233496,4.689291,-2.794070,1.458891
aligned_tom291_P0003.mrc,2,12.398953,5.448519,-4.392023,3.502692
aligned_tom291_P0004.mrc,2,13.031806,3.109947,-6.846192,-14.266863
aligned_tom291_P0005.mrc,1,10.128550,4.754624,8.303366,13.132242
aligned_tom291_P0006.mrc,1,9.864686,3.913014,12.411758,5.222568
aligned_tom291_P0007.mrc,2,11.894385,5.052902,-2.157087,2.434718
aligned_tom292_P0001.mrc,1,9.110327,3.221560,14.121614,1.978497
aligned_tom292_P0002.mrc,2,12.534311,6.111611,1.171905,-1.896532
aligned_tom292_P0003.mrc,1,8.843858,4.000349,14.002117,8.409159
aligned_tom292_P0004.mrc,2,12.881889,4.737924,-14.049830,0.739465
aligned_tom292_P0005.mrc,2,11.482810,4.107820,5.970047,-0.754206
aligned_tom292_P0006.mrc,1,8.932140,3.499562,14.403876,4.996849
aligned_tom292_P0007.mrc,2,13.884803,3.997478,-2.617727,-18.826433
aligned_tom292_P0008.mrc,2,13.776653,3.087569,-0.705903,-13.772781
aligned_tom293_P0001.mrc,2,12.423035,5.825258,-7.506676,3.731648
aligned_tom294_P0001.mrc,1,10.028520,2.911578,14.031143,-1.572763
aligned_tom294_P0002.mrc,1,8.652097,3.381838,14.867867,5.126040
aligned_tom294_P0003.mrc,2,11.457874,5.323871,-10.895240,11.642569
aligned_tom29_P0001.mrc,2,10.596170,2.710974,14.886724,-5.055827
aligned_tom2_P0001.mrc,1,8.977038,3.011770,14.475620,1.222507
aligned_tom2_P0002.mrc,2,11.625006,5.892575,-1.612578,7.182469
aligned_tom30_P0001.mrc,2,12.417075,3.252276,1.167255,-18.444159
aligned_tom31_P0001.mrc,2,12.348866,3.249539,1.223527,-7.237255
aligned_tom32_P0001.mrc,2,11.012538,3.326352,5.788234,14.819726
aligned_tom33_P0001.mrc,1,9.865706,2.709587,23.032619,4.908046
aligned_tom34_P0001.mrc,1,10.438093,3.319729,17.418938,13.436111
aligned_tom35_P0001.mrc,2,14.148599,3.599937,-3.001503,-10.265473
aligned_tom35_P0002.mrc,2,13.670242,4.222156,-1.815331,-2.940615
aligned_tom35_P0003.mrc,1,9.868168,3.053909,19.131487,1.704493
aligned_tom36_P0001.mrc,1,10.944342,5.393802,10.667570,-4.737173
aligned_tom36_P0002.mrc,2,11.886995,4.589219,0.799285,0.479808
aligned_tom37_P0001.mrc,2,10.294744,5.359511,4.676244,9.103579
aligned_tom37_P0002.mrc,1,11.333826,3.673312,3.941530,14.298412
aligned_tom38_P0001.mrc,2,8.790681,4.473936,-3.666702,17.885868
aligned_tom38_P0002.mrc,2,12.813576,4.352539,-14.459093,1.459506
aligned_tom38_P0003.mrc,2,13.175826,5.122934,-14.013592,-2.978081
aligned_tom39_P0001.mrc,2,13.721147,4.686268,-7.361310,-8.978109
aligned_tom3_P0001.mrc,1,9.343989,2.563944,18.049074,-0.620104
aligned_tom3_P0002.mrc,1,8.533551,3.573681,14.093524,11.381467
aligned_tom3_P0003.mrc,2,11.990343,2.692106,7.134686,-11.201031
aligned_tom3_P0004.mrc,2,13.836543,5.237202,-15.924053,8.991033
aligned_tom3_P0005.mrc,2,12.861138,2.460355,2.857038,-12.219392
aligned_tom40_P0001.mrc,2,11.992411,3.934208,5.321782,-1.036953
aligned_tom41_P0001.mrc,1,13.101173,6.553096,10.853418,19.833662
aligned_tom41_P0002.mrc,1,11.730618,4.030767,-6.940600,-19.198236
aligned_tom42_P0001.mrc,2,14.488866,4.897511,-18.507191,-12.457661
aligned_tom43_P0001.mrc,2,13.062864,6.734156,-9.664933,-4.063342
aligned_tom43_P0002.mrc,2,11.565446,5.909071,-3.938882,7.726904
aligned_tom43_P0003.mrc,1,10.203348,2.282713,23.220646,1.079688
aligned_tom43_P0004.mrc,1,9.805256,4.199308,8.661036,5.345160
aligned_tom43_P0005.mrc,2,11.808553,5.489997,0.828178,4.616443
aligned_tom44_P0001.mrc,1,9.647371,2.685018,18.346743,1.226432
aligned_tom45_P0001.mrc,1,8.967663,3.037781,14.808236,1.115319
aligned_tom46_P0001.mrc,1,8.686440,3.392663,21.077024,8.088683
aligned_tom46_P0002.mrc,2,14.338820,5.377550,-14.610878,-9.960501
aligned_tom46_P0003.mrc,1,9.447266,4.148293,20.408291,11.111103
aligned_tom47_P0001.mrc,2,13.542403,4.580199,-13.088696,-1.865902
aligned_tom47_P0002.mrc,2,13.134889,3.146183,2.754701,-6.252723
aligned_tom47_P0003.mrc,2,12.307392,4.817697,-3.706640,-0.289252
aligned_tom47_P0004.mrc,1,9.069781,2.998531,15.722854,-1.013748
aligned_tom47_P0005.mrc,2,12.571582,6.131465,2.218414,0.620935
aligned_tom48_P0001.mrc,2,9.779606,4.053195,10.518120,4.181880
aligned_tom48_P0002.mrc,2,13.597404,4.665464,-7.454285,-8.676618
aligned_tom49_P0001.mrc,1,8.726901,3.712141,14.333750,13.017005
aligned_tom49_P0002.mrc,2,8.640531,3.675367,12.869675,10.415315
aligned_tom4_P0001.mrc,2,12.477621,3.960917,-0.162924,-4.141491
aligned_tom4_P0002.mrc,2,14.478477,4.566833,-8.110271,-5.079966
aligned_tom4_P0003.mrc,1,11.009266,4.239173,6.193628,11.090870
aligned_tom50_P0001.mrc,2,13.743999,5.168675,-15.395741,-0.913708
aligned_tom50_P0002.mrc,1,9.457317,2.542419,19.185556,-0.281621
aligned_tom51_P0001.mrc,1,9.868525,4.813031,8.878158,13.747990
aligned_tom51_P0002.mrc,1,9.490877,2.813058,14.034708,-2.995162
aligned_tom52_P0001.mrc,2,12.754181,3.555473,-13.601540,3.295805
aligned_tom52_P0002.mrc,2,11.838155,3.046913,3.971560,-14.666411
aligned_tom53_P0001.mrc,2,12.770520,5.783272,-8.996763,0.706595
aligned_tom53_P0002.mrc,2,12.028194,3.093727,4.446779,-7.350086
aligned_tom53_P0003.mrc,2,12.064245,6.633835,-11.939612,6.814726
aligned_tom53_P0004.mrc,2,11.325333,4.991976,-1.143582,3.948154
aligned_tom53_P0005.mrc,2,10.974468,4.607477,3.484735,11.254796
aligned_tom54_P0001.mrc,2,14.498014,3.999986,-4.880982,-6.062267
aligned_tom55_P0001.mrc,2,14.376419,4.667706,-8.424191,-5.942443
aligned_tom55_P0002.mrc,1,8.910377,4.108825,13.683863,8.936625
aligned_tom56_P0001.mrc,1,9.059476,3.731533,13.317331,5.521445
aligned_tom57_P0001.mrc,1,10.997068,3.218733,6.242639,14.769411
aligned_tom57_P0002.mrc,2,12.831024,6.387309,-9.328375,4.456645
aligned_tom58_P0001.mrc,1,9.772352,4.476327,8.537926,7.768130
aligned_tom58_P0002.mrc,2,13.725368,6.226144,-4.261224,-3.439245
aligned_tom59_P0001.mrc,2,12.181464,4.768234,-4.481538,-0.281534
aligned_tom59_P0002.mrc,2,13.113840,5.660366,-18.455950,3.169480
aligned_tom5_P0001.mrc,2,14.005239,4.542603,-14.518134,-13.919061
aligned_tom60_P0001.mrc,2,13.925835,3.258338,-15.301265,-12.724316
aligned_tom61_P0001.mrc,1,11.504321,3.263951,9.870038,-12.943157
aligned_tom62_P0001.mrc,2,10.489973,5.069993,4.749891,6.678131
aligned_tom63_P0001.mrc,2,10.628632,2.894179,10.022053,-2.577683
aligned_tom63_P0002.mrc,1,10.351220,3.284213,19.973413,12.281685
aligned_tom64_P0001.mrc,2,11.794904,3.710126,1.993894,-14.001904
aligned_tom65_P0001.mrc,2,12.326585,2.562944,4.797952,-8.484268
aligned_tom66_P0001.mrc,2,12.386935,3.356857,10.908591,-15.693094
aligned_tom66_P0002.mrc,2,11.907521,4.167728,16.491018,-8.464808
aligned_tom67_P0001.mrc,2,14.094390,3.548982,-2.619536,-8.878542
aligned_tom67_P0002.mrc,1,9.664326,4.767519,8.271947,10.529909
aligned_tom67_P0003.mrc,2,11.194325,5.696948,-10.689073,15.457340
aligned_tom67_P0004.mrc,2,11.905688,6.533311,-11.093074,6.904577
aligned_tom67_P0005.mrc,1,9.221892,3.802915,12.690182,13.513767
aligned_tom68_P0001.mrc,1,9.200952,2.941713,12.172262,-1.483022
aligned_tom68_P0002.mrc,1,12.281137,6.307371,-19.991217,8.998661
aligned_tom69_P0001.mrc,2,9.655323,3.292074,17.229877,1.855884
aligned_tom69_P0002.mrc,2,10.431279,5.776794,0.622962,11.491655
aligned_tom69_P0003.mrc,2,12.109457,4.162649,6.118226,-5.097034
aligned_tom69_P0004.mrc,2,13.788906,2.982535,-0.503543,-13.432415
aligned_tom6_P0001.mrc,2,11.711086,6.409462,-9.016473,6.628901
aligned_tom6_P0002.mrc,2,11.785640,4.354543,-8.924043,2.151913
aligned_tom6_P0003.mrc,2,13.038193,3.639467,-6.083131,-10.473747
aligned_tom70_P0001.mrc,1,9.808195,3.295761,11.258567,-0.574648
aligned_tom70_P0002.mrc,1,9.918077,2.932842,19.570726,3.545202
aligned_tom70_P0003.mrc,2,13.031602,5.908232,-9.483619,-0.127868
aligned_tom70_P0004.mrc,2,14.288741,4.357917,-7.493584,-11.124119
aligned_tom70_P0005.mrc,2,13.019753,2.968084,-0.686060,-10.198056
aligned_tom71_P0001.mrc,1,9.197885,2.839028,15.718809,0.347264
aligned_tom71_P0002.mrc,2,12.468067,2.512014,5.544082,-12.943047
aligned_tom71_P0003.mrc,1,8.854015,4.222297,12.704576,7.152995
aligned_tom71_P0004.mrc,2,13.945727,5.617014,-11.017473,-6.373112
aligned_tom72_P0001.mrc,2,11.379621,4.644279,1.307173,9.017398
aligned_tom73_P0001.mrc,1,9.513170,4.655023,9.318753,9.945412
aligned_tom73_P0002.mrc,2,12.005906,5.644328,-14.278079,5.510989
aligned_tom74_P0001.mrc,2,9.813076,4.185341,10.318423,4.089146
aligned_tom74_P0002.mrc,1,10.582390,2.599143,14.936882,-5.103081
aligned_tom75_P0001.mrc,2,10.676898,6.018426,-4.680073,17.062120
aligned_tom75_P0002.mrc,2,10.292516,4.379351,7.875512,1.022908
aligned_tom75_P0003.mrc,2,11.669630,4.409369,-0.409412,15.990345
aligned_tom76_P0001.mrc,2,13.553933,2.806360,-0.264110,-13.021686
aligned_tom76_P0002.mrc,2,11.625827,5.681534,-3.939938,7.171895
aligned_tom77_P0001.mrc,2,13.001055,6.335599,-21.971252,-5.814616
aligned_tom78_P0001.mrc,1,9.633266,3.900134,11.576038,3.509365
aligned_tom79_P0001.mrc,1,10.762320,4.671293,6.128909,1.614409
aligned_tom7_P0001.mrc,1,9.300586,3.206497,15.959523,1.884384
aligned_tom80_P0001.mrc,2,13.588716,6.052748,-12.048872,-13.962445
aligned_tom80_P0002.mrc,2,12.284802,5.217885,3.067000,-1.443227
aligned_tom80_P0003.mrc,2,13.022056,2.856676,-0.952710,-10.020650
aligned_tom81_P0001.mrc,2,11.632826,3.330538,2.465656,-13.992420
aligned_tom81_P0002.mrc,2,13.170329,6.461257,-8.124964,-1.990538
aligned_tom81_P0003.mrc,1,9.414619,4.358654,14.817699,9.896650
aligned_tom82_P0001.mrc,1,9.982830,2.672821,20.228037,2.808744
aligned_tom82_P0002.mrc,1,10.247027,3.717277,9.044338,2.948728
aligned_tom82_P0003.mrc,2,11.277060,6.598015,-3.673290,10.521020
aligned_tom82_P0004.mrc,1,9.577179,2.848621,19.541283,0.253368
aligned_tom83_P0001.mrc,2,12.411304,5.785944,-9.580558,2.678904
aligned_tom84_P0001.mrc,1,11.194571,6.561795,-3.282133,9.367457
aligned_tom84_P0002.mrc,2,13.404188,3.437074,2.311166,-16.962580
aligned_tom85_P0001.mrc,2,14.337790,4.422851,-8.849172,-7.423477
aligned_tom85_P0002.mrc,2,10.135059,2.793200,20.462753,-2.928519
aligned_tom85_P0003.mrc,2,12.343496,3.648016,9.344338,-8.700342
aligned_tom85_P0004.mrc,2,13.527435,4.072367,-2.187961,-2.638034
aligned_tom86_P0001.mrc,2,14.262441,5.869202,-13.217151,-7.833177
aligned_tom86_P0002.mrc,2,11.976045,5.056702,-0.183450,1.049753
aligned_tom86_P0003.mrc,2,14.323692,4.988319,-5.018320,-4.687943
aligned_tom86_P0004.mrc,2,14.334810,5.324592,-14.179781,-11.958234
aligned_tom86_P0005.mrc,2,11.275256,4.742812,1.489968,8.092147
aligned_tom86_P0006.mrc,1,9.194518,4.434487,12.018466,8.547029
aligned_tom87_P0001.mrc,2,13.471711,3.463097,0.701201,-5.650257
aligned_tom87_P0002.mrc,2,12.452849,5.475553,-16.191833,5.466002
aligned_tom88_P0001.mrc,2,13.076230,5.609532,-10.242509,-0.075195
aligned_tom89_P0001.mrc,2,13.887733,6.373850,-10.684580,-16.620903
aligned_tom89_P0002.mrc,2,13.768615,6.218483,-14.685889,-6.470214
aligned_tom8_P0001.mrc,2,9.763548,2.234612,23.085533,-1.652767
aligned_tom90_P0001.mrc,2,13.120126,4.181817,-6.825007,-6.524934
aligned_tom91_P0001.mrc,2,13.153857,4.304191,-17.913776,-0.974554
aligned_tom92_P0001.mrc,2,13.310279,6.139564,3.143535,4.724000
aligned_tom93_P0001.mrc,2,12.965374,3.641568,-1.483276,-4.420320
aligned_tom93_P0002.mrc,2,13.763610,4.495355,-6.098672,-12.367484
aligned_tom93_P0003.mrc,2,12.266802,2.730325,7.926925,-13.496753
aligned_tom94_P0001.mrc,2,13.001913,3.263407,-0.995733,-8.352206
aligned_tom94_P0002.mrc,2,13.423311,5.080851,-15.290131,8.559582
aligned_tom94_P0003.mrc,2,11.871092,5.836194,-6.289845,7.162428
aligned_tom95_P0001.mrc,1,10.083542,3.330360,17.852890,2.939967
aligned_tom95_P0002.mrc,2,13.488008,3.208000,0.293154,-5.803483
aligned_tom96_P0001.mrc,2,11.751566,2.776434,6.843545,-7.798624
aligned_tom97_P0001.mrc,1,10.585155,4.163326,5.645369,5.010774
aligned_tom97_P0002.mrc,2,12.848361,4.505531,-6.680109,-5.119638
aligned_tom97_P0003.mrc,2,11.483006,4.654928,1.093055,2.254132
aligned_tom98_P0001.mrc,2,12.574995,2.587013,10.907743,-10.008274
aligned_tom98_P0002.mrc,2,14.497252,3.922693,0.610662,13.508737
aligned_tom98_P0003.mrc,1,10.439307,2.866777,12.316426,-4.128997
aligned_tom99_P0001.mrc,1,12.908237,5.947043,-20.974241,-2.544952
aligned_tom9_P0001.mrc,1,11.925573,2.638318,6.708760,-9.705380
